Real_GDP,Real_Disposable_Income,Personal_Consumption,Unemployment_Rate,Nonfarm_Payrolls,Avg_Hourly_Earnings,U6_Unemployment,Job_Openings,Labor_Force_Participation,CPI_All_Items,Core_CPI,Producer_Price_Index,Core_PCE_Price_Index,Federal_Funds_Rate,10Y_Treasury_Yield,M2_Money_Stock,Fed_Balance_Sheet,3M_Treasury_Yield,30Y_Mortgage_Rate,10Y_Inflation_Expect,S&P_500_Index,VIX_Index,Dollar_Index,USD_EUR_Rate,Industrial_Production,Capacity_Utilization,Business_Equipment_Prod,Energy_Production,Consumer_Goods_Prod,New_Manufacturing_Orders,Consumer_Sentiment,Retail_Sales,Personal_Saving_Rate,Consumer_Credit,Retail_Sales_Food_Services,Housing_Starts,Case_Shiller_Home_Price,Median_Home_Price,New_Home_Sales,Trade_Balance,Exports,Imports,Commercial_Loans,C&I_Loans,Excess_Reserves,Crude_Oil_Price,NY_Unemployment,CA_Commercial_Loans,Leading_Index,Financial_Stress_Index
2182.681,15248.0,,,43566.0,,,,,21.7,,24.833,,,,,,,,,,,,,13.7361,,12.3046,,19.9883,,,,,10068.35,,,,,,,,,6.9587,,,,,,,
2176.892,15139.0,,,43649.0,,,,,22.01,,25.033,,,,,,,,,,,,,13.745,,12.6448,,19.8463,,,,,10902.63,,,,,,,,,7.4675,,,,,,,
2172.432,15039.0,,,43969.0,,,,,22.49,,25.667,,,,,,,,,,,,,13.7719,,12.4872,,20.0657,,,,,11602.43,,,,,,,,,7.9796,,,,,,,
2206.452,15204.0,,,44492.0,,,,,23.127,,26.767,,,,,,,,,,,,,14.1482,,14.0885,,20.7754,,,,,12531.87,,,,,,,,,8.4816,,,,,,,
2239.682,15371.0,,3.7,44632.0,,64.4,,62.6,23.617,,27.367,,,,,,,,,,,,,14.2916,,13.2754,,20.7625,,,,,13558.04,,,,,,,,,8.9553,,,,,,,
2276.69,15563.0,,3.7,44736.0,,64.7,,62.9,23.993,,27.533,,,,,,,,,,,,,14.4439,,13.1343,,20.8528,,,,,14513.21,,,,,,,,,9.3765,,,,,,,
2289.77,15585.0,,3.8,45211.0,,65.3,,63.4,24.397,,28.1,,,,,,,,,,,,,14.5783,,13.4579,,20.8528,,,,,15262.14,,,,,,,,,9.7142,,,,,,,
2292.364,15530.0,,3.8,45156.0,,65.0,,63.1,24.173,,27.733,,,,,,,,,,,,,14.426,,13.8977,,20.7109,,,,,15662.07,,,,,,,,,9.973,,,,,,,
2260.807,15250.0,,4.7,44468.0,,64.9,,62.6,23.943,,26.967,,,,,,,,,,,,,13.9601,,12.1885,,20.2463,,,,,16001.31,,,,,,,,,10.1879,,,,,,,
2253.128,15137.0,,5.9,43986.0,,65.2,,62.1,23.917,,26.267,,,,,,,,,,,,,13.521,,12.0723,,20.3625,,,,,16637.41,,,,,,,,,10.3265,,,,,,,
2276.424,15228.0,,6.7,43645.0,,65.3,,61.9,23.717,,26.033,,,,,,,,,,,,,13.5479,,12.9518,,20.9432,,,,,17370.58,,,,,,,,,10.493,,,,,,,
2257.352,15032.0,,7.0,43235.0,,65.4,,61.7,23.66,,25.967,,,,,,,,,,,,,13.4852,,13.74,,21.0077,,,,,18409.84,,,,,,,,,10.6835,,,,,,,
2346.104,15559.0,,6.4,43592.0,,65.0,,61.6,23.587,,26.033,,,,,,,,,,,,,14.193,,14.7025,,21.7819,,,,,19385.78,,,,,,,,,11.0313,,,,,,,
2417.682,15977.0,,5.6,44728.0,,65.7,,62.8,23.767,,26.367,,,,,,,,,,,,,15.3848,,16.6191,,23.2659,,,,,20629.63,,,,,,,,,11.4697,,,,,,,
2511.127,16524.0,,4.6,46028.0,,65.8,,63.4,24.203,,27.867,,,,,,,,,,,,,16.6213,,18.1209,,24.8918,,,,,22662.04,,,,,,,,,11.9436,,,,,,,
2559.214,16764.0,,4.2,46781.0,,65.9,,63.6,24.693,,29.1,,,,,,,,,,,,,16.908,,18.6436,,24.595,,,,,23243.29,,,,,,,,,12.4533,,,,,,,
2593.967,16922.0,,3.5,47579.0,,66.0,,64.1,25.697,,30.767,,,,,,,,,,,,,17.2485,,17.7558,,24.8273,,,,,24062.66,,,,,,,,,12.8933,,,,,,,
2638.898,17147.0,,3.1,47959.0,,65.9,,64.2,25.947,,30.667,,,,,,,,,,,,,17.3023,,15.4658,,23.7304,,,,,23970.69,,,,,,,,,13.1979,,,,,,,
2693.259,17420.0,,3.2,48009.0,,66.3,,64.5,25.933,,30.167,,,,,,,,,,,,,16.8901,,12.4457,,22.3497,,,,,23914.99,,,,,,,,,13.4614,,,,,,,
2699.156,17375.0,,3.4,48156.0,,66.7,,64.8,26.317,,30.1,,,,,,,,,,,,,17.0065,,13.5077,,22.4916,,,,,24518.57,,,,,,,,,13.7119,,,,,,,
2727.954,17490.0,,3.1,48441.0,,66.8,,65.2,26.417,,29.867,,,,,,,,,,,,,17.4008,,13.5907,,23.0594,,,,,25049.81,,,,,,,,,13.7093,,,,,,,
2733.8,17459.0,,3.0,48515.0,,66.6,,65.0,26.487,,29.567,,,,,,,,,,,,,17.1499,,13.4081,,23.382,,,,,26152.32,,,,,,,,,14.0049,,,,,,,
2753.517,17509.0,,3.2,48796.0,,66.5,,64.8,26.667,,29.667,,,,,,,,,,,,,17.6517,,13.3002,,23.8982,,,,,27516.26,,,,,,,,,14.279,,,,,,,
2843.941,18001.0,,2.8,49860.0,,66.6,,65.1,26.697,,29.3,,,,,,,,,,,,,18.9151,,16.9427,,25.1886,,,,,29077.08,,,,,,,,,14.533,,,,,,,
2896.811,18268.0,,2.7,50319.0,,67.3,,65.8,26.62,,29.133,,,,,,,,,,,,,19.2914,,17.9218,,25.7306,,90.7,,,31001.8,,,,,,,,,14.8711,,,,,,,
2919.206,18341.0,,2.6,50481.0,,66.6,,65.2,26.72,,29.033,,,,,,,,,,,,,19.5602,,17.341,,25.6918,,,,,32350.25,,,,,,,,,15.15,,,,,,,
2902.785,18155.0,,2.7,50464.0,,66.6,,65.2,26.843,,29.367,,,,,,,,,,,,,19.5781,,16.1379,,25.2918,,80.8,,,33036.22,,,,,,,,,15.3614,,,,,,,
2858.845,17797.0,,3.7,49950.0,,67.0,,65.0,26.89,,29.167,,,,,,,,,,,,,18.6553,,15.6733,,24.6208,,80.7,,,33579.17,,,,,,,,,15.5843,,,,,,,
2845.192,17636.0,,5.3,49336.0,,67.2,,64.3,26.953,,29.333,,,,,,1.06,,,,,,,18.0639,,15.192,,24.5434,,82.0,,,33757.97,,,,,,,,,15.7389,,,,,,,
2848.305,17584.0,,5.8,49013.0,,67.2,,63.8,26.91,,29.333,,,,,,0.79,,,,,,,17.9922,,15.3662,,24.8144,,82.9,,,33742.23,,,,,,,,,16.0129,,,,,,,
2880.482,17701.0,,6.0,48849.0,,67.0,,63.5,26.84,,29.267,,1.03,,,,0.88,,,,,,,18.0818,,14.8684,,25.1499,,,,,34068.01,,,,,,,,,16.445,,,,,,,
2936.852,17960.0,,5.3,49151.0,,66.9,,63.9,26.757,,29.1,,0.99,,,,1.03,,,,,,,18.5836,,16.8432,,25.9112,,87.0,,,34666.73,,,,,,,,,16.9817,,,,,,,
3020.746,18396.0,,4.7,49701.0,,67.1,,64.5,26.793,,29.233,,1.34,,,,1.23,,,,,,,19.5871,,18.9008,,27.2274,,95.9,,,35942.75,,,,,,,1174933333.3333333,896566666.6666667,17.6475,,,,,,101.6027,
3069.91,18621.0,,4.4,50517.0,,67.4,,65.0,26.757,,29.233,,1.5,,,,1.48,,,,,,,20.4383,,19.1249,,27.9758,,99.1,,,37836.22,,,,,,,1138300000.0,922733333.3333333,18.3023,,,,,,102.1574,
3111.379,18787.0,,4.1,51121.0,,67.9,,65.7,26.777,,29.433,,1.94,,,,1.86,,,,,,,20.752,,18.3283,,28.1307,,,,,39718.8,,,,,,,1224566666.6666667,965366666.6666667,18.9356,,,,,,102.20413333333332,
3130.068,18808.0,,4.2,51609.0,,68.0,,65.7,26.857,,29.533,,2.36,,,,2.34,,,,,,,21.2447,,20.1869,,28.9049,,99.7,,,41356.5,,,,,,,1233833333.3333333,1020433333.3333333,19.4169,,,,,,102.00686666666668,
3117.922,18658.0,,4.0,52145.0,,68.1,,65.9,26.86,,29.8,,2.48,,,,2.33,,,,,,,21.3254,,19.3655,,29.0082,,,,,42628.82,,,,,,,1308900000.0,1047433333.3333333,19.7782,,,,,,101.2819,
3143.694,18736.0,,4.2,52489.0,,68.1,,65.9,27.037,,30.233,,2.69,,,,2.57,,,,,,,21.2358,,18.3615,,28.9436,,98.2,,,43745.74,,,,,,,1416600000.0,1042666666.6666666,20.3539,,,,,,100.4818,
3140.874,18632.0,,4.1,52397.0,,68.2,,65.9,27.317,,30.4,,2.81,,,,2.57,,,,,,,21.1193,,17.3327,,29.0082,,99.9,,,44483.75,,,,,,,1484000000.0,1086366666.6666667,20.7302,,,,,,100.29816666666667,
3192.57,18845.0,,4.1,52842.0,,68.1,,65.9,27.55,,30.7,,2.93,,,,3.03,,,,,,,21.8899,,19.2161,,29.2404,,100.2,,,45261.06,,,,,,,1568066666.6666667,1024700000.0,21.0774,,,,,,100.5462,
3213.011,18881.0,,3.9,53047.0,,68.2,,66.1,27.777,28.6,31.0,,2.93,,,,3.1,,,,,,,22.096,,19.3489,,29.7953,,,,,45996.01,,,,,,,1703633333.3333333,1077000000.0,21.2375,,,,,,100.28163333333332,
3205.97,18763.0,,4.1,53152.0,,68.3,,66.1,28.013,28.833,31.067,,3.0,,,,3.13,,,,,,,21.8182,,18.1624,,29.7437,,92.9,,,46785.25,,,,,,,1657566666.6666667,1072833333.3333334,21.2545,,,,,,99.60966,
3237.386,18862.0,,4.2,53062.0,,68.4,,66.0,28.263,29.033,31.333,,3.23,,,,3.35,,,,,,,21.8989,,18.0214,,30.0663,,,,,47585.39,,,,,,,1612833333.3333333,1094700000.0,21.3917,,,,,,98.69759333333332,
3203.894,18582.0,,4.9,52568.0,,68.5,,65.7,28.4,29.267,31.3,,3.25,,,,3.32,,,,,,,20.9759,,18.6187,,29.5373,,83.7,,,47972.31,,,,,,,1524433333.3333333,1077133333.3333333,21.5161,,,,,,97.48755333333332,
3120.724,18032.0,,6.3,51650.0,,68.3,,64.6,28.737,29.4,31.567,,1.86,,,,1.78,,,,,,,19.7932,,16.4615,,28.7888,,78.5,,,48054.48,,,,,,,1376633333.3333333,1041900000.0,22.6721,,,,,,97.05452666666666,
3141.224,18081.0,,7.4,50952.0,,68.7,,64.2,28.93,29.533,31.633,,0.94,,,,0.96,,,,,,,19.4617,,15.2916,,28.7372,,80.9,,,47596.05,,,,,,,1359900000.0,1051300000.0,23.0182,,,,,,98.02403,
3213.884,18419.0,,7.3,51259.0,,68.9,,64.6,28.913,29.633,31.6,,1.32,,,,1.67,,,,,,,20.4921,,15.2003,,29.6534,,,,,47619.39,,,,,,,1359900000.0,1050700000.0,23.4916,,,,,,99.74105333333333,
3289.032,18764.0,,6.4,51838.0,,68.6,,65.0,28.943,29.8,31.567,,2.16,,,,2.69,,,,,,,21.415,,18.9506,,30.7373,,90.8,,,48068.33,,,,,,,1363066666.6666667,1128766666.6666667,24.2647,,,,,,101.3581,
3352.129,19041.0,309.5,5.8,52727.0,,68.7,,65.4,28.993,29.933,31.7,15.515,2.57,,287.8,,2.78,,,,,,,22.3558,,19.6061,,31.8213,,,,10.7,49494.2,,1648.0,,,,,1298500000.0,1195700000.0,25.191,,,,,,102.55453333333332,
3427.667,19395.0,315.5,5.1,53517.0,,68.8,,66.0,29.043,30.1,31.767,15.598,3.08,,292.1,,3.0,,,,,,,23.44,,19.8716,,32.4535,,95.3,,10.8,51048.7,,1530.0,,,,,1327566666.6666667,1283333333.3333333,26.0039,,,,,,102.74286666666669,
3430.057,19326.0,320.7,5.3,53523.0,,68.6,,65.7,29.193,30.233,31.667,15.702,3.58,,296.1,,3.53,,,,,,,22.4813,,18.6104,,32.8148,,,,9.7,53026.38,,1506.0,,,,,1452666666.6666667,1309200000.0,26.6298,,,,,,101.8729,
3439.832,19296.0,322.9,5.6,53722.0,,68.7,,65.6,29.37,30.433,31.533,15.792,3.99,,297.1,,4.24,,,,,,,22.5888,,19.8716,,32.4794,,93.8,,10.2,55057.15,,1457.0,,,,,1399100000.0,1275933333.3333333,27.2046,,,,,,101.06523333333332,
3517.181,19614.0,326.4,5.1,54414.0,,68.5,,65.7,29.397,30.567,31.667,15.842,3.93,,298.6,,3.85,,,,,,,23.9508,,21.7467,,33.7439,,100.0,,10.3,56414.36,,1357.0,,,,,1543266666.6666667,1296800000.0,27.7017,,,,,,100.40663333333332,
3498.246,19392.0,332.2,5.2,54545.0,,69.0,,66.1,29.573,30.633,31.733,15.902,3.7,,301.1,,2.98,,,,,,,23.4311,,21.1577,,33.9246,,93.3,,9.7,58016.5,,1269.0,,,,,1638400000.0,1302266666.6666667,27.8162,,,,,,99.58344666666667,
3515.385,19390.0,332.1,5.5,54268.0,,69.2,,66.1,29.59,30.6,31.633,15.965,2.94,,306.5,,2.36,,,,,,,23.0458,,18.6187,,33.5246,,97.2,,10.2,59019.5,,1213.0,,,,,1677233333.3333333,1240833333.3333333,27.8514,,,,,,98.95036,
3470.278,19065.0,334.0,6.3,53948.0,,69.1,,65.5,29.78,30.767,31.7,16.017,2.3,,310.9,,2.31,,,,,,,22.4903,,20.7843,,33.3052,,90.1,,10.0,59842.77,,1185.0,,,,,1663100000.0,1166866666.6666667,28.0322,,,,,,98.50904666666668,
3493.703,19130.0,334.5,6.8,53633.0,,69.0,,65.1,29.84,30.833,31.8,16.044,2.0,,316.3,,2.35,,,,,,,22.1498,,18.262,,32.802,,91.6,,10.9,60479.15,,1240.0,,,,,1695100000.0,1157166666.6666667,28.2651,,,,,,98.79352666666666,
3553.021,19380.0,339.5,7.0,53797.0,,69.3,,65.4,29.83,30.933,31.467,16.097,1.73,,322.1,,2.3,,,,,,,23.0279,,20.3943,,34.0278,,92.5,,11.0,60196.77,,1259.0,,,,,1611900000.0,1166633333.3333333,28.5144,,,,,,99.85366333333332,
3621.252,19670.0,342.4,6.8,54270.0,,69.0,,65.2,29.947,31.067,31.5,16.167,1.68,,327.6,,2.31,,,,,,,23.7626,,19.241,,34.6859,,99.2,,11.7,60632.85,,1359.0,,,,,1687233333.3333333,1289466666.6666667,28.9689,,,,,,100.78373333333334,
3692.289,19970.0,349.6,6.2,54712.0,,68.9,,65.5,29.99,31.167,31.533,16.206,2.4,,333.3,,2.46,,,,,,,24.5959,,23.1987,,35.744,,93.0,,11.6,61718.35,,1388.0,,,,,1749166666.6666667,1309600000.0,29.3232,,,,,,101.1366,
3758.147,20254.0,354.9,5.6,55118.0,,68.9,,65.8,30.107,31.233,31.7,16.266,2.46,4.02,340.2,,2.72,,,,,,,24.9633,,22.2695,,35.9763,,99.9,,11.6,62683.91,,1361.0,,,,,1716600000.0,1327933333.3333333,29.9982,,,,,,100.8148,
3792.149,20366.0,360.5,5.5,55625.0,,69.0,,65.9,30.22,31.367,31.533,16.328,2.61,3.88,347.4,,2.71,,,,,,,25.2052,,23.3564,,36.5957,,95.4,,11.4,64535.12,,1470.0,,,,,1815166666.6666667,1372800000.0,30.882,,,,,,100.01136,
3838.776,20536.0,364.4,5.6,55854.0,,69.2,,66.2,30.307,31.467,31.7,16.382,2.85,3.99,352.8,,2.84,,,,,,,25.474,,21.3153,,36.9183,,91.6,,11.1,66001.88,,1430.0,,,,,1785600000.0,1389100000.0,31.9223,,,,,,99.50212333333332,
3851.421,20521.0,370.6,5.5,56042.0,,69.0,,66.1,30.38,31.533,31.667,16.413,2.92,3.9,359.9,,2.81,,,,,,,25.6891,,24.7254,,37.0603,,95.0,,10.7,67599.23,,1573.0,,,,,1690066666.6666667,1371900000.0,32.9574,,,,,,99.67445666666669,
3893.482,20677.0,374.3,5.8,56222.0,,69.3,,66.1,30.477,31.6,31.533,16.467,2.97,3.89,367.9,,2.91,,,,,,,26.1639,,24.2193,,38.0409,,98.4,,10.7,69368.87,,1411.0,,17800.0,505.0,,1694666666.6666665,1361266666.6666667,34.0346,,,,,,100.09110333333334,
3937.183,20842.0,378.4,5.7,56618.0,,69.5,,66.5,30.533,31.733,31.5,16.529,2.96,3.96,375.9,,2.94,,,,,,,26.8539,,25.4058,,38.57,,91.7,,10.7,71337.45,,1639.0,,18000.0,572.0,,1887566666.6666667,1417700000.0,35.2515,,,,,,100.28786666666667,
4023.755,21219.0,385.4,5.5,56927.0,,69.3,,66.5,30.72,31.867,31.633,16.593,3.33,4.03,383.6,,3.29,,,,,,,27.0331,,22.7092,,38.8797,,96.4,,10.4,73487.46,,1672.0,,17900.0,608.0,,1901700000.0,1469266666.6666667,36.7082,,,,,,100.20356666666667,
4050.147,21276.0,390.0,5.6,57300.0,,69.6,,66.7,30.803,32.033,31.633,16.673,3.45,4.12,391.0,,3.49,,,,,,,27.4901,,27.1896,,39.4346,,94.4,,11.1,75767.11,,1631.0,,18500.0,553.0,,1982766666.6666667,1468800000.0,37.7665,,,,,,100.17643333333334,
4135.553,21657.0,399.6,5.5,57712.0,,69.5,,66.7,30.93,32.2,31.667,16.744,3.46,4.18,397.5,,3.53,,,,,,,27.8664,,26.3848,,39.8733,,99.5,,11.1,78346.0,,1647.0,,18500.0,573.0,,2065200000.0,1466966666.6666667,38.9613,,,,,,100.33976666666668,
4180.592,21824.0,407.5,5.2,58077.0,,69.8,,67.2,30.98,32.233,31.533,16.793,3.49,4.2,404.3,,3.47,,,,,,,28.5205,,27.6709,,40.9056,,98.5,,11.9,80723.62,,1488.0,,18900.0,554.0,,2079166666.6666665,1528066666.6666667,39.9748,,,,,,100.5818,
4245.918,22085.0,416.4,5.0,58645.0,,69.5,,67.0,31.05,32.3,31.633,16.84,3.46,4.19,413.5,,3.5,,,,,,,28.9775,,24.659,,41.3315,,100.6,,11.4,83063.17,,1529.0,,18900.0,582.0,,2150166666.6666665,1573300000.0,41.0279,,,,,,100.75016666666669,
4259.046,22075.0,419.0,5.0,59144.0,,69.5,,66.9,31.193,32.467,31.7,16.883,3.58,4.17,421.9,,3.69,,,,,,,29.4165,,28.2849,,41.4734,,99.9,,12.1,85144.59,,1498.0,,19400.0,557.0,,2242333333.3333335,1631066666.6666667,42.0904,,,,,,100.90043333333332,
4362.111,22547.0,429.7,4.9,59795.0,,69.7,,67.2,31.29,32.6,31.867,16.947,3.98,4.2,430.4,,3.89,,,,,,,30.5276,,30.8736,,43.3703,,102.0,,11.2,88083.57,,1406.0,,20200.0,549.0,,1863033333.3333333,1555300000.0,43.2663,,,,,,101.06733333333332,
4417.225,22770.0,436.6,4.7,60480.0,,69.9,,67.6,31.49,32.7,32.167,16.999,4.08,4.21,437.5,,3.87,,,,,,,31.2354,,31.9937,,43.7703,,105.4,,11.2,90921.13,,1468.0,,19800.0,571.0,,2313400000.0,1818700000.0,44.5601,,,,,,100.9782,
4515.427,23198.0,445.8,4.4,61228.0,,70.0,,67.8,31.583,32.733,32.4,17.052,4.08,4.25,446.1,,3.87,,,,,,,31.8896,,28.2268,,44.1317,,103.4,,12.0,93369.4,,1481.0,,20200.0,585.0,,2306566666.6666665,1808366666.6666667,45.9663,,,,,,100.95056666666667,
4619.458,23656.0,459.8,4.1,62012.0,,69.9,,67.9,31.75,32.9,32.633,17.109,4.17,4.48,455.8,,4.17,,,,,,,32.5347,,34.2505,,45.0349,,102.9,,11.4,95388.17,,1523.0,,20300.0,593.0,,2363233333.3333335,1912166666.6666667,47.4083,,,,,,101.35126666666667,
4731.888,24172.0,470.1,3.9,62839.0,,70.0,,68.1,32.047,33.067,33.1,17.194,4.56,4.77,464.6,,4.61,,,,,,,33.4666,,33.7444,,45.7188,,100.0,,11.0,97745.16,,1381.0,,21000.0,566.0,,2393666666.6666665,2009600000.0,48.9173,,,,,,101.63503333333333,
4748.046,24191.0,475.2,3.8,63753.0,,70.1,,68.3,32.337,33.4,33.233,17.334,4.91,4.78,470.2,,4.58,,,,,,,34.1655,,34.3335,,46.2092,,95.7,,11.0,99299.73,,1270.0,,22100.0,493.0,,2405500000.0,2084300000.0,50.2683,,,,,,101.09186666666668,
4788.254,24321.0,484.3,3.8,64484.0,,70.4,,68.5,32.617,33.7,33.567,17.477,5.41,5.15,473.0,,5.04,,,,,,,34.6941,,29.5875,,46.2092,,91.2,,11.0,100440.2,,1084.0,,21500.0,390.0,,2476966666.6666665,2213733333.333333,51.3456,,,,,,100.13965,
4827.537,24446.0,490.1,3.7,65024.0,,70.7,,68.9,32.883,34.033,33.333,17.628,5.56,5.0,477.7,,5.2,,,,,,,35.0256,,35.0968,,47.035,,88.3,,11.7,101392.88,,931.0,,21400.0,379.0,,2508233333.3333335,2231400000.0,52.2475,,,,,,99.27649,
4870.299,24602.0,494.3,3.8,65455.0,,70.6,,68.7,32.967,34.233,33.367,17.725,4.82,4.58,485.5,,4.51,,,,,,,34.8326,88.1496,31.8408,,46.9311,,94.1,,12.5,102431.1,,1082.0,,22300.0,421.0,,2581733333.3333335,2232633333.3333335,53.0251,,,,,,98.80147666666666,
4873.287,24556.0,503.4,3.8,65612.0,,70.7,,68.8,33.167,34.5,33.3,17.844,3.99,4.83,497.1,,3.65,,,,,,,34.6907,86.6086,32.221,,47.0515,,95.9,,11.9,103259.46,,1214.0,,23300.0,494.0,,2579733333.3333335,2166533333.3333335,53.8246,,,,,,99.14238,
4919.392,24719.0,510.7,3.8,66065.0,,71.0,,69.2,33.5,34.867,33.433,18.006,3.89,5.25,510.6,,4.3,,,,,,,34.9293,86.0431,28.7142,,47.1039,,97.0,,12.4,104648.02,,1397.0,,22500.0,517.0,,2588033333.3333335,2195833333.3333335,54.9104,,,,,,99.96905,
4956.477,24836.0,518.2,3.9,66609.0,,71.2,,69.3,33.867,35.233,33.5,18.188,4.17,5.64,521.4,,4.75,,,,,,,35.864,87.1866,34.8192,,48.8975,,92.9,,12.5,106193.32,,1446.0,,22900.0,523.0,,2587600000.0,2381000000.0,56.2977,,,,,,100.5486,
5057.553,25288.0,536.3,3.7,67105.0,,70.9,,69.2,34.2,35.667,33.967,18.395,4.79,5.61,530.3,,5.05,,,,,,,36.3759,87.3375,35.0911,,49.3746,,97.2,,11.9,107796.62,,1455.0,,23900.0,509.0,,2676033333.3333335,2622300000.0,57.9216,,,,,,100.68893333333332,
5142.033,25652.0,550.0,3.6,67704.0,,71.2,,69.6,34.533,36.033,34.167,18.609,5.98,5.75,539.1,,5.52,,,,,,,36.8663,87.4736,36.1512,,49.8529,,92.4,,12.0,110347.48,,1456.0,,24900.0,461.0,,2821633333.3333335,2716900000.0,59.6231,,,,,,100.68863333333331,
5181.859,25781.0,566.1,3.5,68313.0,,71.1,,69.5,35.0,36.533,34.3,18.817,5.95,5.46,549.5,,5.2,,,,,,,37.1524,87.1287,31.9319,,50.491,,92.4,,10.6,112907.63,,1521.0,,24800.0,500.0,,3006200000.0,2849200000.0,60.9163,,,,,,100.8694,
5202.212,25813.0,574.9,3.4,68984.0,,71.1,,69.6,35.433,37.067,34.5,19.036,5.92,5.77,562.3,,5.59,,,,,,,37.7166,87.4344,38.9575,,51.4939,,91.7,,10.8,116274.47,,1582.0,,25600.0,494.0,,2860266666.6666665,2842200000.0,62.648,,,,,,101.20053333333333,
5283.597,26162.0,587.0,3.4,69681.0,,71.4,,69.8,35.867,37.567,35.0,19.244,6.57,6.17,571.9,,6.09,,,,,,,38.4503,88.1485,38.25,,52.2034,,98.2,,10.1,119368.83,,1678.0,,25700.0,493.0,,2538333333.3333335,2551766666.6666665,64.6307,,,,,,101.07013333333332,
5299.625,26181.0,598.4,3.4,70345.0,,71.4,,69.8,36.433,38.167,35.5,19.474,8.33,6.36,576.9,,6.2,,,,,,,38.6181,87.5894,37.8328,,51.7518,,91.5,,10.3,122489.72,,1545.0,,25900.0,453.0,,3255066666.6666665,3197033333.333333,66.3631,,,,,,100.4746,
5334.6,26281.0,608.6,3.6,70884.0,,71.7,,70.0,36.933,38.7,35.767,19.699,8.98,6.86,580.6,,7.02,,,,,,,39.0817,87.705,34.3947,,52.7309,,86.4,,11.6,124643.93,,1411.0,,25900.0,418.0,,3296333333.3333335,3104866666.6666665,67.4801,,,,,,99.81831666666668,
5308.556,26076.0,620.6,3.6,71149.0,,71.8,,70.1,37.5,39.233,36.1,19.93,8.94,7.31,585.6,,7.36,,,,,,,38.8366,86.2456,37.7108,,52.1739,,79.7,,11.6,126581.71,,1312.0,,24900.0,431.0,,3339833333.3333335,3150100000.0,68.2373,,,,,,99.22781,
5300.652,25973.0,631.7,4.2,71311.0,,72.1,,70.0,38.1,39.833,36.633,20.147,8.57,7.38,587.7,,7.21,,,,,,,37.8957,83.3245,34.9607,,51.5116,,78.1,,12.0,128091.38,,1236.0,,23900.0,408.0,,3442366666.6666665,3240300000.0,69.2034,,,,,,98.43288,
5308.164,25929.0,641.6,4.8,71167.0,,72.1,,69.8,38.633,40.567,36.833,20.375,7.89,7.71,591.7,,6.67,,,,,,,37.6873,82.0957,36.2274,,52.079,,75.4,,12.7,128698.06,,1313.0,,24400.0,465.0,,3599266666.6666665,3288166666.6666665,69.5362,,,,,,97.88191666666668,
5357.077,26079.0,653.5,5.2,70978.0,,72.0,,69.4,39.033,41.1,37.033,20.602,6.71,7.46,605.1,,6.33,,,,,,,37.5524,81.0481,32.1071,,51.7257,,77.6,,13.3,130297.45,,1483.0,,23000.0,520.0,,3615900000.0,3341000000.0,69.9071,,,,,,97.86962666666668,
5299.672,25710.0,660.2,5.8,70574.0,,72.1,,69.2,39.6,41.767,37.1,20.891,5.57,6.85,621.3,,5.35,,,,,,,36.7405,78.5696,33.3849,,51.1642,,72.4,,13.3,131157.35,,1707.0,,22600.0,566.0,,3585533333.3333335,3442633333.3333335,70.8609,,,,,,98.45099,
5443.619,26328.0,679.2,5.9,70844.0,,72.0,,69.0,39.933,42.167,37.6,21.156,3.86,6.0,641.3,,3.82,,,,,,,37.4489,79.4173,38.0771,,53.312,,78.1,,13.4,134944.42,,1826.0,,24300.0,639.0,,3695100000.0,3597500000.0,72.239,,,,,,99.61741,
5473.059,26394.0,693.2,5.9,71179.0,,72.0,,69.0,40.3,42.6,38.067,21.397,4.57,6.25,666.0,,4.26,7.41,,,,,,37.7881,79.5286,39.6646,,54.005,,80.2,,13.8,137867.46,,2020.0,,25800.0,642.0,,3683100000.0,3906000000.0,74.2953,,,,,,100.21046666666668,
5518.072,26529.0,705.6,6.0,71434.0,,72.0,,68.9,40.7,42.967,38.367,21.599,5.48,6.49,685.9,,5.01,7.66,,,,,,37.9046,79.1734,36.5821,,54.8741,,82.1,,13.6,141308.89,,2094.0,,25300.0,663.0,,3908700000.0,3974800000.0,77.1059,,,,,,100.3113,
5531.032,26510.0,721.7,5.9,71866.0,,72.1,,69.1,41.0,43.2,38.4,21.722,4.75,5.89,704.4,,4.22,7.55,,,,,,38.7832,80.4029,40.5289,,56.1643,,82.0,,13.1,145497.26,,2202.0,,25500.0,682.0,,3248466666.6666665,3698000000.000001,79.6136,,,,,,100.8134,
5632.649,26932.0,739.0,5.8,72678.0,,72.2,,69.5,41.333,43.567,39.067,21.931,3.55,6.03,725.6,,3.45,7.35,,,,,,40.4376,83.2163,41.9017,79.3026,57.6405,,92.8,,12.4,149118.69,,2406.0,,26200.0,683.0,,3922233333.3333335,4474566666.666667,82.9287,,,,,,101.7725,
5760.47,27478.0,757.4,5.7,73463.0,,72.3,,69.4,41.6,43.9,39.5,22.079,4.3,6.14,743.8,,3.77,7.35,,,,,,41.2042,84.1761,44.3108,80.5501,58.2573,,88.6,,11.6,154224.82,,2241.0,,26800.0,683.0,,3891000000.0,4456733333.333333,87.0936,,,,,,102.36023333333333,
5814.854,27666.0,775.8,5.6,74038.0,,72.3,,69.5,41.933,44.233,40.1,22.245,4.74,6.29,768.8,,4.21,7.41,,,,,,41.7242,84.5731,40.9937,80.3806,59.1605,,95.2,,12.0,158924.19,,2372.0,,27900.0,740.0,,4147266666.6666665,4634433333.333333,91.357,,,,,,102.8129,
5912.22,28055.0,800.5,5.4,74972.0,,72.1,,69.6,42.367,44.467,40.5,22.385,5.15,6.37,794.4,,4.86,7.43,,,,,,43.1692,86.7435,46.0827,79.8984,60.8873,,90.7,,13.4,164171.91,,2424.0,,29200.0,783.0,,4444266666.666667,4962566666.666667,95.6603,,,,,,103.31016666666667,
6058.544,28687.0,825.0,4.9,75972.0,,72.5,,70.0,43.033,44.8,42.467,22.541,6.54,6.6,813.2,,5.71,7.45,,,,,,44.406,88.3818,47.728,79.0906,61.8263,,81.9,,12.5,171601.81,,2378.0,,30200.0,748.0,,5112166666.666667,5380133333.333333,100.5393,139.9047,,,,83.5279,103.25193333333333,
6124.506,28935.0,840.5,4.9,76663.0,,72.8,,70.4,43.933,45.267,44.533,22.848,7.82,6.81,826.6,,6.6,7.65,,,,,,44.7825,88.2318,48.6741,78.8077,61.6747,,77.0,,13.3,178106.63,,2139.0,,32700.0,657.0,,5594233333.333333,5612833333.333333,105.8769,149.8688,,,,84.0913,102.41416666666667,
6092.301,28711.0,858.9,4.8,77119.0,,72.9,,70.6,44.8,45.733,46.367,23.151,10.56,7.22,838.2,,8.34,8.46,,,,,,45.1624,88.0678,44.3161,78.641,61.3147,,72.0,,13.4,183996.74,,2016.0,,33500.0,576.0,,6109033333.333334,5827666666.666667,110.8753,157.0842,,,,87.914,101.44633333333331,
6150.131,28913.0,873.9,4.8,77853.0,,73.2,,70.9,45.933,46.5,46.733,23.474,10.0,6.76,849.0,,7.5,8.63,,,,,,45.8421,88.5178,46.2647,78.169,61.7827,,76.5,,14.5,188957.07,,1642.0,,34000.0,544.0,,6804366666.666667,6323966666.666667,115.5006,159.9779,,,,91.4091,100.81796666666666,
6097.258,28606.0,891.9,5.1,78217.0,,73.5,,71.0,47.3,47.233,49.867,23.877,9.32,7.06,864.7,,7.65,8.46,,,,,,45.4277,86.9273,42.9744,77.1383,60.2157,,61.8,,14.0,192395.27,,1586.0,,35200.0,545.0,,7441500000.0,7737133333.333333,119.4393,165.0203,,,,95.3724,100.18173666666668,
6111.751,28613.0,920.4,5.2,78512.0,,73.4,,70.9,48.567,48.467,51.6,24.47,11.25,7.54,875.1,,8.16,8.89,,,,,,45.459,86.2936,44.5838,75.908,60.4925,,72.1,,12.9,195787.08,,1515.0,,35600.0,556.0,,8025700000.0,8939033333.333334,124.0697,177.1684,,,,97.3605,99.18304,
6053.978,28270.0,949.3,5.6,78622.0,,73.7,,71.0,49.933,50.133,55.267,25.169,12.09,7.96,884.5,,8.19,9.61,,,,,,45.2939,85.3885,42.0676,74.7565,60.563,,64.4,,12.6,199075.82,,1203.0,,36200.0,512.0,,8361833333.333334,9661000000.0,127.3121,185.8156,,,,97.5857,97.79721666666669,
6030.464,28088.0,959.1,6.6,78182.0,,73.8,,70.4,51.467,51.6,57.2,25.784,9.35,7.67,898.0,,7.36,9.79,,,,,,43.4867,81.495,40.6564,73.3215,58.4007,,59.5,,13.7,199235.76,,1024.0,,37200.0,438.0,,8835933333.333334,9683300000.0,129.2117,190.1044,,,,98.7164,96.44198,
5957.035,27690.0,985.2,8.3,76953.0,,73.7,,69.2,52.567,52.7,57.167,26.288,6.3,7.54,915.1,,5.78,9.17,,,,,,40.5915,75.6707,34.9719,72.4727,54.7888,,57.6,,12.8,199227.1,,976.0,,38100.0,438.0,,9005366666.666666,9051433333.333334,130.612,190.266,,,,96.7152,96.17933333333332,
5999.61,27821.0,1013.6,8.9,76535.0,,74.0,,69.0,53.2,53.533,57.8,26.689,5.42,8.05,948.7,,5.4,8.88,,,,,,40.0634,74.3242,38.7489,71.657,56.212,,72.8,,15.3,197841.14,,1071.0,,39000.0,560.0,,8569366666.666667,8024500000.0,131.7385,186.2305,,,,99.5851,97.17761333333333,
6102.326,28214.0,1047.2,8.5,77050.0,,74.2,,69.5,54.267,54.233,59.033,27.089,6.16,8.29,983.2,,6.33,8.98,,,,,,41.055,75.7976,39.1466,70.8473,58.7629,,75.7,,12.9,198406.64,,1250.0,,38800.0,564.0,,9012866666.666666,8595833333.333334,131.9646,183.1832,,,,97.8683,98.47928,
6184.53,28520.0,1076.3,8.3,77747.0,,74.3,,69.7,55.267,55.167,59.667,27.53,5.41,8.06,1007.0,,5.64,9.16,,,,,,41.9494,77.054,41.0626,70.5136,59.8492,,75.6,,12.7,201976.39,,1342.0,,41200.0,653.0,,9311433333.333334,8951833333.333334,133.4463,182.9129,,,,99.9685,99.60911333333334,
6323.649,29099.0,1109.9,7.7,78789.0,,74.3,,70.2,55.9,56.2,59.933,27.949,4.83,7.75,1039.0,,4.92,8.87,,,,,,43.2257,78.9586,42.6496,70.3382,61.1537,,84.6,,12.1,206856.22,,1442.0,,42800.0,613.0,,9021800000.0,9864400000.0,136.4419,181.3791,,,10.3,102.1742,100.57513333333333,
6370.025,29250.0,1129.5,7.6,79327.0,,74.7,,70.6,56.4,56.967,60.867,28.284,5.2,7.77,1070.2,,5.16,8.78,,,,,,43.7869,79.5007,44.5984,69.6043,61.5988,,83.3,,11.8,211715.86,,1450.0,,44200.0,591.0,,9560300000.0,10426933333.333334,140.8196,178.3378,,,10.2,103.2458,100.97006666666668,
6404.895,29335.0,1158.8,7.7,79714.0,,75.1,,70.7,57.3,57.9,61.6,28.727,5.28,7.73,1098.6,,5.15,8.97,,,,,,44.374,80.043,41.3941,69.7427,62.1222,,89.7,,11.6,216830.45,,1557.0,,44400.0,669.0,,9884800000.0,11432733333.333334,143.71,180.0055,,,10.2,104.6438,100.9528,
6451.177,29469.0,1192.4,7.8,80200.0,,75.2,,70.9,58.133,58.7,62.133,29.177,4.87,7.18,1138.4,,4.66,8.85,,,,,,45.1788,80.9266,45.2933,69.4903,63.6202,,87.0,,11.0,223131.2,,1691.0,,45500.0,737.0,,9940133333.333334,11520533333.333334,147.2884,183.8115,,,10.2,108.56,101.06543333333332,
6527.703,29749.0,1228.2,7.5,81023.0,,75.3,,71.2,59.2,59.667,63.467,29.668,4.66,7.36,1177.1,,4.63,8.69,,,,,,46.0891,81.9391,47.0512,69.7604,64.8098,,87.1,,10.1,228869.88,,1844.0,,46300.0,845.0,,9909400000.0,12877933333.333334,151.6638,187.3762,,,10.0,108.4615,101.51303333333333,
6654.466,30254.0,1256.0,7.1,82101.0,,75.7,,71.8,60.233,60.633,65.033,30.121,5.16,7.37,1208.8,,4.84,8.81,,,,,,47.5397,83.8333,50.923,70.0435,65.7969,,90.2,,10.5,239006.91,,1919.0,,48900.0,804.0,,10186400000.0,13147033333.333334,158.4478,191.8268,,,9.3,111.9346,101.79276666666668,
6774.457,30713.0,1286.9,6.9,83147.0,,75.8,,72.0,61.067,61.5,65.133,30.622,5.82,7.36,1236.6,,5.5,8.93,,,,,,48.0656,84.0382,47.5872,70.7946,66.377,,89.0,,10.8,248405.8,,2009.0,,48800.0,802.0,,10364700000.0,13567466666.666666,165.3957,197.1165,,,8.9,116.5191,101.6593,
6774.592,30626.0,1324.8,6.7,84128.0,,76.2,,72.5,61.967,62.333,65.867,31.067,6.51,7.6,1262.2,,6.11,8.94,,,,,,48.3722,83.8411,50.238,71.4899,67.2527,,84.4,,11.2,258250.42,,2075.0,,51600.0,828.0,,9944766666.666666,13910400000.0,172.7103,202.7965,,,8.5,119.2172,101.45746666666668,
6796.26,30653.0,1354.0,6.3,85001.0,,76.5,,73.2,63.033,63.433,67.467,31.552,6.76,8.01,1285.8,,6.39,9.13,,,,,,48.2323,82.8849,48.9256,71.4636,67.0591,,82.3,,11.3,266255.38,,1829.0,,53000.0,800.0,,10314633333.333334,14983200000.0,180.3451,210.1208,,,8.1,121.4186,101.4698,
7058.92,31757.0,1411.4,6.0,86540.0,,76.7,,73.5,64.467,64.733,69.5,32.096,7.28,8.33,1309.8,,6.48,9.56,,,,,,50.1779,85.5183,52.8134,72.9974,68.6432,,81.5,,10.4,279498.11,,2114.0,,55300.0,852.0,,11889400000.0,15241166666.666668,188.9667,220.0944,,,7.8,126.9107,101.83983333333332,
7129.915,31982.0,1442.2,6.0,87436.0,,76.9,,73.6,65.967,66.133,70.6,32.647,8.1,8.49,1334.2,,7.3,9.76,,,,,,50.6132,85.5628,48.1663,72.8965,68.3605,,80.4,,10.7,292599.36,,2019.0,,56100.0,786.0,,12405533333.333334,15719366666.666666,198.1459,228.1409,,,7.6,130.1067,101.9888,
7225.75,32318.0,1481.3,5.9,88339.0,,77.4,,74.2,67.5,67.6,72.2,33.233,9.58,8.82,1359.1,,8.56,10.12,,,,,,51.5013,86.3582,50.9026,72.0171,68.4844,,73.5,,10.5,302547.69,,2040.0,,59000.0,825.0,,13210366666.666666,16078333333.333334,207.5209,235.0782,,,7.3,134.507,101.62396666666667,
7238.727,32294.0,1517.1,5.9,89114.0,,77.6,,74.3,69.2,69.167,74.833,33.687,10.07,9.11,1379.1,,9.39,10.41,,,,,,51.7471,86.065,50.4301,71.7561,68.2607,,71.5,,11.1,313542.54,,1666.0,,60600.0,757.0,,13726233333.333334,16696466666.666666,213.7367,243.375,,,7.1,154.6674,101.12393333333333,
7246.454,32244.0,1557.6,5.7,89771.0,,77.5,,74.3,71.4,70.8,77.467,34.427,10.18,9.12,1411.8,,9.37,10.76,,,,,,51.6299,85.1806,50.2507,72.1597,67.2248,,66.6,,10.4,324765.0,,1846.0,,63100.0,725.0,,14293733333.333334,17637633333.333336,220.8862,258.1561,,,7.0,152.107,100.50343333333332,
7300.281,32386.0,1611.9,5.9,90281.0,,78.1,,74.8,73.7,72.633,79.9,35.063,10.95,9.1,1445.2,,9.65,11.16,,,,,,51.477,84.2881,45.7597,72.0785,66.3328,,63.9,,9.9,335741.73,,1790.0,,64700.0,724.0,,15744733333.333334,19186566666.666668,230.9879,270.5876,,,7.1,161.459,99.80239,
7318.535,32366.0,1655.1,6.0,90575.0,,78.2,,74.9,76.033,74.833,82.7,35.794,13.58,10.44,1466.7,,11.84,12.48,,,,,,51.6737,84.0443,47.0488,73.3638,66.432,,62.1,,9.8,346076.61,,1568.0,,62600.0,609.0,,16783966666.666668,20561666666.666668,239.2766,277.3835,,,7.2,170.4849,99.09698666666668,
7341.557,32377.0,1702.3,6.3,90892.0,,78.7,,75.0,79.033,77.6,86.533,36.67,15.05,11.96,1492.4,,13.35,13.68,,,,,,51.8842,83.8941,44.8232,73.285,66.1094,,63.5,,10.1,352191.35,,1246.0,,63700.0,536.0,,17556300000.0,22431233333.333332,246.7184,285.1019,,,7.1,170.4741,98.2952,
7190.289,31621.0,1704.7,7.3,90457.0,,78.6,,74.2,81.7,80.2,88.267,37.49,12.69,10.48,1514.6,,9.62,14.42,,,,,,49.6782,79.8992,41.4354,72.1387,63.7338,,54.4,,11.4,348876.24,,1058.0,,64000.0,464.0,,18218066666.666668,21299266666.666668,251.3519,288.7334,,,7.5,169.2481,97.99585666666668,
7181.743,31489.0,1763.8,7.7,90051.0,,78.6,,74.0,83.233,81.4,91.167,38.325,9.84,10.94,1560.3,,9.14,12.64,,,,,,48.8647,78.1646,39.1609,71.0528,63.4134,,67.8,,11.5,347593.51,,1392.0,,64900.0,630.0,,18727200000.0,20525166666.666668,254.9849,290.766,,,7.6,170.3976,99.16072333333334,
7315.677,31990.0,1831.9,7.4,90727.0,,78.7,,74.2,85.567,83.933,93.267,39.258,15.85,12.41,1593.5,,13.6,14.23,,,,,,50.7547,80.7126,42.6864,71.5575,64.5615,,72.1,,11.4,350507.42,,1505.0,,66400.0,552.0,,19059866666.666668,21453066666.666668,260.4312,305.869,,,7.5,182.2191,100.00343333333332,
7459.022,32550.0,1885.7,7.4,91116.0,,79.1,,74.7,87.933,85.9,96.1,40.129,16.57,12.95,1620.7,,14.35,15.13,,,,,,50.879,80.3913,42.2182,71.2816,64.5682,,68.3,,10.8,354967.15,,1366.0,,66800.0,512.0,,19989333333.333332,22859533333.333332,265.2543,313.1274,,,7.6,186.6307,99.83275666666668,
7403.745,32236.0,1917.6,7.4,91356.0,,79.4,,75.0,89.767,87.8,98.267,40.888,17.78,13.74,1664.6,,14.89,16.24,,,,,,51.0476,80.0991,44.5642,71.7804,64.944,,73.9,,10.8,361036.38,,1182.0,,69400.0,451.0,,19478300000.0,22848900000.0,271.0948,322.6067,,,7.5,200.5548,99.37782,
7492.405,32533.0,1958.1,7.4,91548.0,,79.1,,74.6,92.267,90.767,98.933,41.641,17.58,14.84,1694.1,,15.05,17.38,,,,,,51.5296,80.2781,42.1748,72.1252,65.1647,,74.8,,12.2,366475.98,,964.0,,69200.0,382.0,,19290300000.0,22595966666.666668,276.8494,335.1995,,,7.4,208.7777,98.65678,
7410.768,32095.0,1974.4,8.2,91149.0,,79.5,,74.3,93.767,92.533,98.833,42.381,13.59,14.12,1737.8,,11.78,17.74,,,,,,50.3698,77.9184,41.4978,71.1601,64.8596,,65.7,,12.8,371172.69,,873.0,,70400.0,398.0,,19067166666.666668,22820600000.0,281.7852,345.598,,,7.7,169.9988,97.8285,
7295.631,31529.0,2014.1,8.8,90521.0,,79.5,,74.0,94.6,93.667,99.7,43.002,14.23,14.27,1777.1,,12.78,17.41,,,,,,49.3398,75.8154,39.4321,70.8984,64.2542,,66.5,,12.2,376143.28,,880.0,,66400.0,369.0,,18552933333.333332,21628566666.666668,287.7232,359.7357,,,8.2,170.7609,97.08791666666669,
7328.912,31603.0,2039.6,9.4,90041.0,,79.8,,73.7,95.967,95.4,99.8,43.583,14.51,13.94,1815.1,,12.43,16.77,,,,,,48.7332,74.4429,41.7371,70.404,64.7272,,66.2,,12.4,380352.9,,948.0,,69600.0,364.0,,18317466666.666668,20686300000.0,293.7641,375.8689,,,8.4,166.8037,96.66686,
7300.896,31402.0,2085.6,9.9,89356.0,,80.0,,73.5,97.633,97.0,100.233,44.282,11.01,13.11,1845.0,,9.31,16.22,,,,,,48.0432,73.0408,39.656,70.1397,65.078,,66.7,,12.2,383221.66,,1119.0,,69300.0,421.0,,17614400000.0,22088966666.666668,296.9994,386.8701,,,8.8,174.482,96.92435666666668,
7303.817,31337.0,2145.6,10.7,88821.0,,80.0,,72.9,97.933,97.333,100.333,44.899,9.29,10.66,1886.4,,7.9,14.03,,,,,,47.1455,71.441,39.6253,69.3898,64.6718,,72.5,,11.0,387194.19,,1283.0,,71600.0,518.0,,16289966666.666666,20557066666.666668,299.1878,392.1568,,,9.4,185.2079,97.79450666666666,
7400.066,31686.0,2184.6,10.4,88999.0,,79.7,,72.7,98.0,97.933,100.367,45.488,8.65,10.56,1990.5,,8.11,13.03,,,,,,47.6769,72.1084,41.3636,68.4132,65.0092,,75.3,,11.0,393257.25,,1630.0,,73300.0,580.0,,16744666666.666668,20381300000.0,303.1937,393.4267,,,9.5,190.4804,99.26773,
7568.456,32340.0,2249.4,10.1,89676.0,,80.0,,73.2,99.133,98.9,100.733,45.836,8.8,10.55,2041.7,,8.41,12.76,,,,,,48.7462,73.6494,44.6521,68.0555,66.4768,,91.5,,9.8,401071.01,,1660.0,,74900.0,651.0,,16236333333.333332,21693333333.333332,308.4652,392.5416,,,9.3,191.089,100.8682,
7719.746,32906.0,2319.9,9.4,90604.0,,80.4,,74.2,100.1,100.133,101.7,46.533,9.46,11.64,2074.0,,9.15,13.64,,,,,,50.4105,76.0852,44.7239,68.6288,68.2784,,91.2,,9.5,413763.24,,1802.0,,77400.0,595.0,,16775000000.0,23360300000.0,317.3682,400.5051,,,8.7,191.6461,101.91096666666668,
7880.794,33513.0,2372.5,8.5,91875.0,,80.2,,74.7,101.1,101.433,102.2,46.905,9.43,11.69,2111.7,,8.8,13.46,,,,,,51.7294,77.9201,48.034,68.6675,68.7563,,91.5,,10.0,430273.08,,1729.0,,75900.0,683.0,,17131333333.333334,24560900000.0,327.2613,409.4382,,,8.0,190.0395,102.30116666666667,
8034.847,34103.0,2418.2,7.9,93086.0,,80.3,,75.2,102.533,102.833,103.333,47.379,9.69,11.95,2157.2,,9.18,13.33,,,,,,53.2534,79.9392,50.0643,70.087,70.2131,,99.5,,11.0,450149.44,,1940.0,,78200.0,676.0,,17667666666.666668,27720733333.333332,337.776,422.7158,,,7.5,193.7081,102.1722,
8173.67,34622.0,2475.9,7.4,94123.0,,80.7,,75.9,103.5,104.1,104.033,47.934,10.56,13.21,2203.6,,9.8,14.04,,,,,,54.0804,80.7784,51.1969,71.0877,70.3481,,96.6,,11.1,471860.01,,1823.0,,80700.0,628.0,,17734333333.333332,27707833333.333332,349.8889,444.4538,577.0,,7.2,192.6113,101.52886666666669,
8252.465,34871.0,2513.5,7.4,95055.0,,80.9,,76.1,104.4,105.4,103.8,48.384,11.39,12.87,2232.8,,10.32,14.49,,,,,,54.4507,80.8314,48.7986,71.664,69.9299,,98.9,,11.6,493254.28,,1672.0,,81000.0,616.0,,18495666666.666668,30296900000.0,360.8544,458.4303,652.0,,7.2,192.5734,100.78356666666669,
8320.199,35072.0,2561.8,7.3,95906.0,,80.9,,76.2,105.3,106.467,103.533,48.728,9.27,11.76,2282.2,,8.83,13.65,,,,,,54.4773,80.3168,50.22,71.2496,70.5291,,95.0,,11.1,510697.24,,1630.0,,79900.0,627.0,,18649333333.333332,27952033333.333332,372.0903,469.8574,704.0,,7.0,192.1191,100.38216666666666,
8400.82,35346.0,2636.0,7.2,96572.0,,81.3,,76.5,106.267,107.633,103.267,49.393,8.48,11.59,2350.9,,8.18,13.06,,,,,,54.6605,80.0095,50.1806,70.1266,70.654,,94.5,,9.2,532728.32,,1714.0,,82800.0,666.0,,18566666666.666664,29492600000.0,383.0347,475.8954,782.0,,6.8,195.9266,100.2183,
8474.787,35582.0,2681.8,7.3,97270.0,,81.3,,76.5,107.233,108.767,103.367,49.821,7.92,10.82,2392.5,,7.47,12.79,,,,,,54.6991,79.4986,50.8379,70.217,70.5209,,94.3,,10.1,555465.79,,1726.0,,84300.0,673.0,,17543666666.666668,30187333333.333332,394.1549,480.599,780.0,,6.7,204.4481,100.1204,
8604.22,36033.0,2754.2,7.2,97844.0,,81.5,,76.7,107.9,109.733,102.667,50.333,7.9,10.34,2443.3,,7.11,12.14,,,,,,54.6211,78.8594,48.4581,69.9346,70.8311,,92.8,,8.2,574366.89,,1701.0,,83200.0,723.0,,17522333333.333332,29509633333.333332,405.3587,490.004,814.0,,6.5,206.3893,100.04346666666667,
8668.188,36210.0,2779.4,7.0,98428.0,,81.6,,77.1,109.0,111.0,103.3,50.694,8.1,9.77,2479.3,,7.16,11.73,,,,,,54.9301,78.8469,50.603,70.3809,71.5602,,91.1,,8.9,594165.48,,1825.0,,86800.0,703.0,,17456000000.0,31625300000.0,418.6527,495.929,869.0,,6.4,212.7619,100.03573333333333,
8749.127,36476.0,2823.6,7.0,98838.0,,81.7,,77.0,109.567,112.2,101.733,51.241,7.83,8.57,2516.0,,6.9,10.58,,,,,,55.2605,78.9457,52.0507,70.3166,72.4694,,95.5,,9.3,609919.31,,1899.0,,88000.0,780.0,,18358666666.666668,30818166666.666668,432.2272,501.7969,1035.0,17.22,6.6,212.9033,100.08603333333332,
8788.524,36563.0,2851.5,7.2,99175.0,,81.9,,77.1,109.033,113.133,99.833,51.592,6.92,7.6,2582.5,,6.14,10.25,,,,,,54.9336,78.172,53.9104,67.8962,72.8302,,96.8,,9.5,625177.84,,1878.0,,92100.0,791.0,,19274066666.666668,31485233333.333332,446.5809,508.7113,822.0,13.87,6.6,221.693,100.05013333333332,
8872.601,36822.0,2917.2,7.0,99665.0,,82.2,,77.5,109.7,114.2,99.367,51.947,6.21,7.31,2647.0,,5.53,10.24,,,,,,55.1544,78.2021,51.7204,67.1566,73.4085,,94.8,,8.4,640026.17,,1759.0,,93000.0,694.0,,18660800000.0,32332833333.333332,463.2436,514.801,805.0,13.81,6.1,226.8073,99.93714666666666,
8920.193,36931.0,2952.8,6.8,100313.0,,82.3,,77.7,110.467,115.3,99.733,52.37,6.27,7.26,2705.6,,5.35,9.68,,,,,,55.781,78.7782,54.567,66.9462,74.3447,,92.0,,7.9,654101.61,,1712.0,,95000.0,720.0,,19425933333.333332,32795566666.666668,481.3384,526.4303,911.0,15.41,5.6,236.5422,99.90249666666666,
8986.367,37132.0,2983.5,6.6,100920.0,,82.3,,77.9,111.8,116.233,100.9,52.701,6.22,7.2,2748.4,,5.54,9.11,,,,,,56.514,79.4448,56.4828,67.6009,74.9182,,90.5,,8.6,652332.48,,1761.0,64.111,97900.0,718.0,,19244366666.666668,33289266666.666664,509.331,547.969,1083.0,18.25,5.2,236.3869,100.28713333333332,
9083.256,37454.0,3053.3,6.3,101709.0,,82.5,,78.3,113.067,117.633,102.5,53.213,6.65,8.34,2771.7,,5.65,10.34,,,,,,57.5259,80.4457,57.0571,67.441,75.7315,,91.8,,6.4,659256.32,,1612.0,65.57866666666666,103400.0,674.0,,20581800000.0,34829266666.666664,532.8599,551.5598,991.0,19.41,4.8,238.6304,100.79493333333332,
9162.024,37685.0,3117.3,6.0,102438.0,,82.6,,78.5,114.267,118.733,103.667,53.69,6.84,8.87,2788.9,,6.04,10.48,,,,,,58.6098,81.5375,53.9629,67.1994,76.7809,,93.9,,7.0,672032.03,,1625.0,67.22633333333333,106000.0,660.0,,21663766666.666668,36034500000.0,556.2658,556.1256,945.0,20.41,4.7,234.4072,100.88933333333333,
9319.332,38238.0,3150.9,5.8,103390.0,,82.7,,78.7,115.333,120.1,104.167,54.235,6.92,9.13,2820.0,,5.87,10.86,,,,,,60.007,83.1255,57.9475,68.048,78.1593,,86.4,,8.2,684071.09,,1524.0,68.11133333333333,111500.0,623.0,,23217366666.666668,37327633333.333336,578.0773,563.5102,1014.0,18.66,4.5,231.0748,100.4823,
9367.502,38359.0,3231.9,5.7,104152.0,,82.7,,78.9,116.233,121.267,104.767,54.759,6.66,8.41,2869.5,,5.72,10.07,,,,,,60.5555,83.6413,57.951,67.6664,78.7792,,92.3,,8.1,696453.15,,1425.0,68.93833333333333,110000.0,639.0,,25216200000.0,37532133333.333336,596.3195,568.7596,1115.0,16.69,4.1,234.2526,100.2906,
9490.594,38782.0,3291.7,5.5,105007.0,,82.7,,79.1,117.567,122.733,106.5,55.422,7.16,8.91,2925.0,,6.22,10.36,,,,,,61.0846,84.2229,60.7251,67.7042,79.1829,,93.6,,8.5,709701.03,,1491.0,70.42066666666666,110000.0,700.0,,26843966666.666668,37787800000.0,615.9224,583.2557,944.0,17.25,4.0,237.1998,100.42533333333331,
9546.206,38908.0,3361.9,5.5,105746.0,,82.9,,79.2,119.0,124.1,108.0,56.061,7.98,9.1,2952.0,,7.02,10.5,,,,,,61.3089,84.4013,56.6765,67.1376,79.1779,,96.0,,8.6,720198.76,,1484.0,72.148,115000.0,690.0,,27034600000.0,37991266666.666664,637.0863,594.5906,954.0,15.18,4.3,239.5492,100.5399,
9673.405,39328.0,3434.5,5.3,106597.0,,83.2,,79.5,120.3,125.6,108.5,56.687,8.47,8.96,2977.9,,7.73,10.41,,,,,,61.7463,84.8028,60.7885,66.63,79.8758,,93.0,,8.4,729227.72,,1551.0,73.05433333333333,113900.0,668.0,,28380733333.333332,39869600000.0,657.1708,601.4373,1095.0,14.76,4.5,237.6428,100.53866666666669,
9771.725,39648.0,3490.2,5.2,107403.0,,83.4,,79.9,121.667,126.933,110.933,57.306,9.44,9.21,2994.5,,8.55,10.82,,,,,,62.0367,84.8817,62.0649,65.2541,80.3043,,95.9,,8.9,753978.14,,1489.0,73.99799999999999,118000.0,636.0,,29178033333.333332,38599866666.666664,682.8022,612.7215,1069.0,18.51,4.6,238.8092,100.3663,
9846.293,39861.0,3553.8,5.2,107910.0,,83.2,,79.8,123.633,128.3,112.8,57.827,9.73,8.76,3015.2,,8.4,10.64,,,,,,61.8006,84.1117,63.1289,66.197,79.7541,,90.9,,8.1,769071.75,,1356.0,75.28566666666667,118900.0,635.0,,30851333333.333332,39785066666.666664,704.7566,622.3773,929.0,20.39,4.7,230.5812,99.94723666666668,
9919.228,40046.0,3609.4,5.2,108186.0,,83.4,,79.9,124.6,129.533,112.4,58.257,9.08,8.11,3073.1,,7.85,10.01,,,,,,61.4179,83.0423,57.1777,65.1231,78.5823,,92.5,,7.8,778986.22,,1346.0,76.24366666666667,120000.0,689.0,,30171900000.0,39433833333.333336,729.9651,634.1757,939.0,19.29,5.0,234.6832,99.73076666666668,
9938.767,40015.0,3653.7,5.4,108688.0,,83.7,,80.1,125.867,131.1,112.833,58.791,8.61,7.91,3133.3,,7.65,9.81,,,,,,61.6561,82.7612,59.3054,63.4157,79.6617,,91.8,,8.2,790151.69,,1337.0,76.50166666666667,124800.0,653.0,,31069200000.0,39918066666.66667,752.6568,638.9929,971.0,20.33,5.2,237.1097,99.75803333333332,
10047.386,40361.0,3737.9,5.3,109424.0,,83.7,,80.2,128.033,132.767,114.5,59.468,8.25,8.42,3178.7,,7.76,10.13,,,22.17,,,62.1073,82.7599,59.3586,64.4349,79.7403,,91.3,,8.2,798412.05,,1426.0,76.63466666666666,123900.0,595.0,,32170066666.666664,40791600000.0,774.0932,636.6827,977.0,21.78,5.1,237.4415,99.83122,
10083.855,40382.0,3783.4,5.3,109784.0,,83.5,,79.9,129.3,134.5,114.333,60.132,8.24,8.67,3205.3,,7.75,10.32,,,18.72,,,62.5448,82.7825,61.9802,63.8873,80.3148,,90.9,,8.7,800463.59,,1212.0,77.27933333333333,126800.0,540.0,,32750500000.000004,40361233333.333336,797.3672,640.7006,878.0,17.77,5.0,236.7451,99.5841,
10090.569,40266.0,3846.7,5.7,109648.0,,83.4,,79.5,131.533,136.5,116.467,60.74,8.16,8.7,3240.4,,7.48,10.1,,,25.2,,,62.7993,82.6474,57.814,64.3141,80.5409,,79.1,,8.3,808694.1,,1132.0,77.42200000000001,117000.0,522.0,,32392166666.666664,41485066666.666664,818.8321,640.0455,877.0,26.22,5.3,235.1962,98.57657666666668,
9998.704,39759.0,3867.9,6.1,109256.0,,83.4,,79.2,133.767,138.067,119.867,61.25,7.74,8.41,3264.6,,6.99,9.96,,,26.11,,,61.8344,81.0212,55.3233,64.8273,79.0812,,65.1,,8.2,811516.11,,1043.0,76.42166666666667,121500.0,474.0,,33958000000.0,42309333333.333336,835.1,639.3952,1014.0,32.09,5.9,225.6327,97.56469333333332,
9951.916,39451.0,3873.6,6.6,108787.0,,83.4,,78.8,134.767,140.067,117.467,61.793,6.43,8.02,3304.7,,6.03,9.5,,,22.52,,,60.6734,79.2415,52.9942,65.3359,78.2735,,75.0,,8.8,807327.59,,895.0,75.30566666666667,120000.0,463.0,,34112966666.666668,39863600000.0,851.9588,636.0097,1821.0,21.98,6.7,220.2122,97.69075333333332,
10029.51,39632.0,3926.9,6.8,108311.0,,83.5,,78.8,135.567,141.333,116.3,62.27,5.86,8.13,3342.4,,5.56,9.52,,,17.15,,,61.0208,79.4862,56.8699,64.8885,79.2712,,80.7,,8.7,807215.26,,1011.0,75.77766666666666,119900.0,514.0,,35112833333.333336,39956033333.333336,862.9578,628.8724,1042.0,20.77,7.3,224.0391,98.59848,
10080.195,39691.0,3973.3,6.9,108308.0,,83.4,,78.6,136.6,142.867,116.133,62.83,5.64,7.95,3355.3,,5.38,9.27,,,16.63,,,61.8953,80.3995,55.4141,64.5138,80.559,,82.6,,8.7,802312.94,,1042.0,76.561,120000.0,508.0,,34961800000.0,40934500000.0,864.0953,620.8328,966.0,21.65,7.4,222.7952,99.23275,
10115.329,39694.0,4000.0,7.1,108330.0,,83.3,,78.4,137.733,144.2,116.233,63.325,4.82,7.35,3365.9,,4.55,8.69,,,17.46,,,62.0224,80.2662,57.8955,64.7962,80.8774,,71.9,,9.4,798306.98,,1087.0,76.05433333333333,120000.0,552.0,,36453366666.666664,41970100000.0,867.0463,619.6536,975.0,21.78,7.8,225.8359,99.19197,
10236.435,40051.0,4100.4,7.4,108348.0,,83.5,,78.3,138.667,145.467,115.9,63.809,4.02,7.31,3395.0,,3.9,8.69,,,17.56,,,61.9473,79.7454,58.1262,63.8582,80.252,,70.8,164010.0,9.7,799355.07,118277.0,1241.0,75.723,119500.0,623.0,-1833.0,36771300000.0,41953766666.666664,873.0882,610.8261,990.0,18.9,8.4,223.8932,99.3198,
10347.429,40350.0,4155.7,7.6,108624.0,,83.8,,78.4,139.733,146.733,117.167,64.26,3.77,7.38,3397.2,,3.68,8.68,,,15.62,,,63.0697,80.6717,62.3762,64.4141,81.9838,240250.0,78.9,165466.0,9.9,797534.12,118415.0,1153.0,76.35966666666667,120000.0,565.0,-3284.0,36975500000.0,44102333333.333336,880.753,602.888,1056.0,21.22,8.8,223.1143,99.66397666666668,
10449.673,40599.0,4227.0,7.6,108887.0,,83.7,,78.4,140.8,147.867,117.867,64.64,3.26,6.62,3401.0,,3.08,8.02,,,13.9,,,63.5661,80.7599,59.9823,63.8817,82.8721,237765.0,76.1,168152.0,9.2,799363.62,119426.0,1184.0,76.69,120000.0,638.0,-3589.0,37138733333.333336,45375600000.0,880.5107,598.5027,983.0,21.67,8.9,224.1154,99.70506333333331,
10558.648,40881.0,4307.2,7.4,109308.0,,83.5,,78.2,142.033,149.2,117.833,65.114,3.04,6.74,3425.0,,3.07,8.19,,,14.76,,,64.2135,81.0784,64.1931,63.6128,83.8495,242421.0,83.2,171578.0,8.8,802790.89,120800.0,1228.0,76.54666666666667,126000.0,628.0,-4364.0,38502300000.0,46123100000.0,886.9021,596.7292,1084.0,20.48,8.7,223.2894,99.94073,
10576.275,40829.0,4349.5,7.1,109947.0,,83.2,,78.2,143.067,150.5,118.367,65.563,3.04,6.26,3415.1,,2.96,7.72,,,13.26,,,64.8008,81.3865,66.174,63.1675,84.4649,244202.0,87.3,173719.0,8.7,812346.88,121427.0,1168.0,76.36866666666667,125000.0,601.0,-4748.0,37902333333.333336,46522000000.0,887.6787,593.4968,1202.0,19.83,8.3,221.0653,100.08383333333332,
10637.847,40942.0,4418.6,7.1,110538.0,,83.4,,78.4,144.1,151.767,119.5,66.061,3.0,5.99,3430.2,,2.97,7.45,,,12.97,,,64.9302,81.1756,67.1361,62.9916,84.2453,246473.0,82.5,177777.0,8.2,821109.27,123370.0,1266.0,77.06866666666667,127000.0,660.0,-5914.0,38747000000.0,48568000000.0,897.7245,587.9521,999.0,19.74,7.9,226.6389,99.77043333333332,
10688.606,40997.0,4487.2,6.8,111234.0,,83.5,,78.7,144.767,152.667,118.867,66.43,3.06,5.62,3446.6,,3.0,7.09,,,12.12,,,65.1771,81.1059,63.0627,62.8218,84.8608,246019.0,77.4,181074.0,7.3,834785.75,125080.0,1299.0,78.07133333333334,127000.0,675.0,-6331.0,37889333333.333336,48365333333.33333,907.437,587.0534,1035.0,17.81,7.8,235.6394,99.61965,
10833.987,41423.0,4552.7,6.6,112015.0,,83.6,,78.9,145.967,153.867,118.9,66.772,2.99,5.62,3467.1,,3.06,7.05,,,12.42,,,66.1952,81.9118,68.2972,63.0563,85.5892,249847.0,84.0,184677.0,7.1,856596.88,126518.0,1434.0,78.15133333333333,127000.0,762.0,-6443.0,40491666666.666664,50097666666.666664,920.8805,583.7679,1085.0,16.43,7.7,232.2529,100.07337,
10939.116,41713.0,4621.2,6.6,112876.0,,83.4,,78.9,146.7,154.867,119.367,67.075,3.21,6.09,3476.9,,3.26,7.3,,,13.44,,,67.0105,82.3474,70.7935,63.1058,86.7078,256980.0,93.0,188265.0,6.7,881235.95,128330.0,1391.0,78.25066666666666,130000.0,684.0,-7306.0,40207666666.666664,50897666666.66666,930.3536,590.0277,1204.0,14.83,7.5,232.5865,100.68573333333332,-0.2857
11087.361,42154.0,4683.2,6.2,113917.0,,83.1,,79.0,147.533,155.933,120.033,67.526,3.94,7.09,3483.9,,4.0,8.43,,,14.51,,,68.2342,83.1582,72.9038,63.2247,88.068,263484.0,92.2,191899.0,6.9,912689.75,130071.0,1467.0,79.20233333333333,130000.0,668.0,-7998.0,41826666666.66667,54165666666.66667,939.99,604.6554,1035.0,17.83,7.1,228.5388,100.94616666666668,-0.1357
11152.176,42264.0,4752.7,6.0,114919.0,,83.4,,79.3,148.9,157.1,120.967,67.903,4.49,7.33,3486.7,,4.48,8.59,,,12.52,,,69.1045,83.4397,70.4684,63.3073,88.8117,269355.0,90.7,195890.0,6.7,944437.84,131556.0,1454.0,80.23933333333333,129700.0,654.0,-8451.0,43444666666.66666,57044000000.0,958.0327,620.8231,1064.0,18.47,6.7,221.7776,100.87406666666666,-0.224
11279.932,42618.0,4826.7,5.6,115833.0,,83.5,,79.7,149.767,158.1,121.433,68.248,5.17,7.84,3486.0,,5.28,9.11,,,15.27,,,70.5046,84.3084,75.2808,63.3315,90.0339,278101.0,93.1,200001.0,7.0,982398.85,133542.0,1472.0,80.184,132000.0,663.0,-9076.0,45396666666.666664,58977333333.33333,978.8706,637.4072,984.0,17.64,6.3,219.9139,100.5968,-0.1986
11319.951,42654.0,4862.5,5.5,116702.0,,83.5,,79.9,150.867,159.433,123.433,68.606,5.81,7.47,3491.1,,5.74,8.79,,,11.99,93.4393,,71.2396,84.3568,75.9949,62.9433,90.4683,282267.0,94.3,200073.0,7.5,1020862.08,132617.0,1324.0,80.03133333333334,130000.0,600.0,-9283.0,47037333333.33333,60572666666.66667,1005.5484,664.0411,1062.0,18.38,6.2,226.5531,99.91672,-0.2828
11353.721,42660.0,4933.6,5.7,117134.0,,83.5,,79.7,152.1,160.733,124.933,69.013,6.02,6.6,3524.1,,5.59,7.92,,,12.19,90.2122,,71.4621,83.7756,75.6595,62.914,90.4041,282742.0,91.7,203173.0,6.8,1056847.97,133577.0,1287.0,80.70866666666667,133900.0,673.0,-9774.0,48120000000.0,62522000000.0,1027.622,684.3233,859.0,19.34,6.3,222.9001,99.12318666666668,-0.2532
11450.31,42885.0,4998.7,5.7,117634.0,,83.4,,79.7,152.867,161.8,125.2,69.342,5.8,6.33,3586.2,,5.37,7.7,,,12.47,92.2368,,72.1533,83.6795,72.4455,62.353,91.234,286858.0,93.2,206149.0,6.7,1091317.24,134855.0,1415.0,81.60133333333333,132000.0,715.0,-6772.0,49348666666.666664,62455333333.333336,1049.6154,702.2154,1018.0,17.87,6.4,228.5755,98.80580666666668,-0.2832
11528.067,43044.0,5055.7,5.6,118172.0,,83.4,,79.7,153.7,162.933,125.467,69.69,5.72,5.9,3620.9,,5.26,7.34,,,12.9,94.6415,,72.7381,83.358,76.1113,62.1453,91.268,290985.0,89.8,208413.0,6.5,1128811.01,135597.0,1417.0,81.62333333333333,138000.0,690.0,-6300.0,50408000000.0,62297666666.66667,1059.8179,710.629,1095.0,18.13,6.4,231.8998,98.70918666666664,-0.2629
11614.418,43259.0,5130.6,5.5,118682.0,,83.5,,79.9,155.067,164.033,126.3,69.964,5.36,5.91,3665.5,,4.93,7.27,,,15.4,96.5517,,73.2353,82.8385,75.2093,62.372,91.2428,287541.0,90.5,211533.0,6.5,1162682.78,136412.0,1461.0,81.497,137000.0,735.0,-7847.0,50933666666.666664,63716666666.66667,1072.4684,724.0376,1183.0,19.76,6.3,234.8044,98.89727,-0.2798
11808.14,43856.0,5220.5,5.5,119475.0,,83.6,,80.0,156.4,165.0,127.833,70.296,5.24,6.71,3709.9,,5.02,8.1,,,16.37,97.3379,,74.812,83.4664,79.1648,62.6911,92.4661,296209.0,91.5,215681.0,6.3,1190988.94,137903.0,1496.0,82.591,139900.0,734.0,-8488.0,51825666666.66667,65670000000.0,1082.0186,736.1321,1039.0,21.71,6.3,231.5392,99.33434666666666,-0.1726
11914.063,44105.0,5274.5,5.3,120206.0,,83.9,,80.4,157.3,166.067,128.167,70.617,5.31,6.78,3744.8,,5.1,8.15,,,16.78,97.5716,,75.7866,83.3845,76.2157,62.9439,92.5827,298052.0,94.9,217315.0,6.4,1219224.04,138152.0,1501.0,83.588,140000.0,789.0,-10228.0,52038333333.33333,67220666666.666664,1088.8454,749.2339,1021.0,22.34,6.1,233.8886,99.61558666666669,-0.1638
12037.775,44421.0,5352.8,5.3,120918.0,,84.1,,80.5,158.667,167.133,128.433,71.019,5.28,6.35,3795.5,,4.97,7.7,,,17.21,98.3582,,76.8301,83.3399,78.3174,62.6306,93.4038,303770.0,97.5,221338.0,6.1,1242398.37,139499.0,1417.0,83.55799999999999,144100.0,765.0,-8126.0,53561333333.333336,68489333333.33333,1112.981,771.3125,1138.0,24.63,6.3,240.1977,99.82124666666668,-0.1677
12115.472,44590.0,5433.1,5.2,121674.0,,84.0,,80.5,159.633,168.1,128.5,71.298,5.28,6.57,3847.4,,5.06,7.79,,,19.92,101.4906,,78.2862,83.6826,80.5618,62.7052,94.257,306278.0,99.0,225021.0,6.0,1261454.14,140961.0,1433.0,83.679,145000.0,821.0,-9809.0,54970666666.66667,70000000000.0,1137.7461,788.0295,1171.0,22.85,6.5,242.7987,100.10895666666669,-0.3082
12317.221,45203.0,5471.2,5.0,122555.0,,84.0,,80.7,160.0,169.167,127.2,71.67,5.52,6.7,3890.7,,5.05,7.93,,,19.92,102.6753,,79.4038,83.5696,82.4463,62.5559,94.3802,312506.0,103.0,224534.0,6.3,1278541.44,140333.0,1476.0,84.86099999999999,145800.0,766.0,-7878.0,57718000000.0,71685666666.66667,1172.2833,807.8311,1203.0,19.92,6.5,253.6528,100.48283333333336,-0.2152
12471.01,45616.0,5579.2,4.9,123258.0,,84.4,,81.2,160.8,169.9,127.2,71.837,5.53,6.24,3951.5,,5.05,7.47,,,22.45,104.6756,,81.2606,84.0684,80.3736,62.8548,96.2625,318759.0,105.8,229441.0,5.8,1294878.75,142687.0,1458.0,86.10033333333334,145000.0,820.0,-8348.0,58815333333.333336,73787000000.0,1198.5381,821.8781,1259.0,19.8,6.4,262.7545,100.78283333333331,-0.2617
12577.495,45862.0,5663.6,4.7,124233.0,,84.1,,81.0,161.667,170.867,127.5,72.065,5.51,5.91,4013.3,,5.09,7.21,,,27.09,108.852,,83.3255,84.5931,86.9235,62.2817,98.5924,323194.0,105.0,230486.0,6.0,1315534.63,142568.0,1532.0,86.62933333333334,144200.0,819.0,-10055.0,58223000000.0,74428333333.33334,1217.7553,839.1439,1581.0,19.96,6.2,274.8794,100.858,-0.05
12703.742,46204.0,5721.3,4.6,124996.0,,84.1,,81.0,162.0,171.9,125.033,72.277,5.52,5.59,4086.5,,5.05,7.05,,,21.32,114.8678,,84.2683,83.8877,88.0684,63.1905,98.8334,318687.0,107.8,232118.0,7.0,1325763.39,143283.0,1559.0,87.471,152200.0,858.0,-11740.0,57855333333.333336,75025333333.33333,1238.4622,861.3755,1568.0,15.94,5.9,274.5323,100.71773333333331,-0.2789
12821.339,46504.0,5832.6,4.4,125789.0,,83.9,,81.0,162.533,172.867,124.933,72.498,5.5,5.59,4162.9,,4.97,7.1,,,21.53,115.392,,84.8338,82.8594,87.8195,63.0298,99.3783,317465.0,106.9,237344.0,6.7,1365826.49,146027.0,1572.0,89.375,149500.0,892.0,-13796.0,56048333333.333336,75917666666.66667,1260.2057,875.1019,1401.0,14.64,5.6,269.0922,100.3483,-0.2136
12982.752,46943.0,5926.9,4.5,126500.0,,84.1,,81.2,163.367,173.9,124.3,72.756,5.53,5.21,4233.4,,4.83,6.87,,,29.75,118.4719,,85.4761,82.1056,86.0399,60.9909,99.5418,315447.0,103.5,237447.0,6.4,1388225.68,145346.0,1631.0,91.33933333333334,153000.0,862.0,-14932.0,55627333333.333336,75469333333.33333,1270.9682,903.8588,1549.0,14.22,5.5,264.0723,99.88233,0.2507
13191.67,47555.0,6028.2,4.4,127255.0,,84.1,,81.2,164.133,174.867,123.467,72.988,4.86,4.66,4343.4,,4.25,6.76,,,29.54,114.7925,,86.6547,82.0549,92.2915,60.5784,99.9205,316906.0,100.2,244457.0,5.8,1411611.93,148937.0,1722.0,92.213,153000.0,946.0,-14911.0,57848000000.0,77553000000.0,1298.4018,937.4254,1560.0,12.93,5.4,257.6435,99.89039333333334,0.6497
13315.597,47880.0,6102.0,4.3,128017.0,,84.3,,81.5,164.733,175.633,122.6,73.171,4.73,5.0,4420.5,,4.41,6.88,,,27.25,116.0672,1.1204,87.6197,81.9072,94.4009,60.3694,100.9395,323833.0,105.9,249018.0,5.9,1441143.45,151164.0,1709.0,93.102,157400.0,862.0,-17354.0,55847666666.666664,79064000000.0,1321.9217,939.7427,1331.0,13.17,5.3,265.0149,100.38873333333332,0.1911
13426.748,48148.0,6230.6,4.3,128831.0,,84.1,,81.4,165.967,176.467,124.5,73.425,4.75,5.54,4485.2,,4.45,7.18,,,24.4,116.9422,1.0567,88.4489,81.7259,96.5061,59.9988,101.084,323596.0,106.2,254220.0,4.5,1468377.5,153175.0,1574.0,95.386,158700.0,910.0,-20295.0,56489333333.333336,83289666666.66667,1340.41,946.4473,1225.0,17.65,5.3,269.1181,100.83073333333331,0.0701
13604.771,48632.0,6335.3,4.2,129588.0,,84.0,,81.3,167.2,177.4,126.867,73.695,5.09,5.88,4552.3,,4.65,7.79,,,23.32,116.4219,1.0493,89.247,81.5718,92.8715,60.3632,100.9623,332183.0,105.9,259668.0,4.1,1502221.16,155302.0,1651.0,97.82933333333334,159100.0,873.0,-22808.0,58678333333.333336,87845000000.0,1371.001,967.2898,1108.0,21.72,5.2,266.4547,101.05586666666667,0.2192
13827.98,49281.0,6467.0,4.1,130476.0,,84.1,,81.5,168.433,178.4,127.933,74.042,5.31,6.14,4614.6,,5.05,7.84,,,22.66,115.3142,1.0368,90.834,82.1437,97.9546,61.0205,103.1702,339979.0,105.3,265549.0,3.9,1524574.07,157655.0,1655.0,99.174,165300.0,869.0,-24812.0,60917333333.33333,91340666666.66666,1431.078,992.7126,1219.0,24.6,4.9,282.5525,101.1906,0.2043
13878.147,49335.0,6618.2,4.0,131245.0,,84.4,,81.8,170.1,179.567,129.633,74.43,5.68,6.47,4686.7,,5.53,8.26,,,23.15,116.2381,0.9859,91.7389,82.1072,100.9485,60.8035,102.9184,342299.0,110.1,271752.0,4.1,1549718.72,159756.0,1659.0,100.679,165300.0,876.0,-29161.0,62695666666.666664,96325666666.66669,1497.8018,1015.0994,1485.0,28.9,4.6,288.6961,101.1565,0.0294
14130.908,50109.0,6711.9,3.9,132017.0,,84.2,,81.6,171.433,180.7,132.033,74.689,6.27,6.18,4765.7,,5.71,8.32,,,24.92,118.7086,0.9334,92.8675,82.2761,101.3884,60.696,103.9493,354234.0,108.8,271954.0,4.3,1587861.23,158635.0,1587.0,103.69933333333334,163200.0,830.0,-29389.0,64481000000.0,100637333333.33331,1564.2509,1049.1805,1092.0,28.92,4.6,291.3363,100.8386,0.3979
14145.312,50024.0,6820.0,4.0,132267.0,,83.8,,81.2,173.0,181.9,133.767,75.05,6.52,5.89,4822.0,,6.02,8.02,,,19.17,119.9997,0.9042,92.8037,81.4061,95.2142,61.162,103.6282,346212.0,107.5,274365.0,4.5,1650122.55,158590.0,1504.0,106.46,168800.0,882.0,-31505.0,67012000000.0,104470000000.0,1612.6776,1070.5606,1112.0,31.63,4.5,284.2856,100.3305,0.0797
14229.765,50190.0,6918.6,3.9,132541.0,,83.8,,81.3,174.233,183.0,135.533,75.421,6.47,5.57,4894.0,,6.02,7.62,,,26.02,123.3045,0.8682,92.5487,80.3854,95.4668,60.8496,103.4099,342349.0,103.9,276249.0,4.2,1700837.86,158552.0,1544.0,108.271,172900.0,932.0,-33174.0,66450666666.666664,104574000000.0,1631.5611,1080.488,1216.0,32.06,4.3,279.1533,99.52902,0.4681
14183.12,49911.0,6995.3,4.2,132747.0,,84.1,5031.0,81.3,175.9,184.333,137.767,75.912,5.59,5.04,5023.5,,4.81,7.01,,,25.73,123.9616,0.922,91.4115,78.6272,93.7952,60.7829,102.5795,333430.0,92.3,278019.0,4.7,1746365.18,158056.0,1605.0,109.751,169800.0,946.0,-32438.0,65444333333.33333,102557666666.66669,1656.2392,1093.907,1284.0,28.76,4.2,285.2063,98.69424333333332,0.5209
14271.694,50105.0,7042.2,4.4,132388.0,,83.7,4467.0,80.8,177.133,185.467,136.233,76.199,4.33,5.28,5152.3,,3.66,7.13,,,23.92,126.7051,0.8736,90.2601,76.9291,96.0762,61.5308,102.7073,325192.0,91.0,280902.0,4.4,1782214.63,158584.0,1630.0,112.24133333333332,179000.0,892.0,-28922.0,62559666666.666664,96097333333.33331,1692.9644,1082.6349,1175.0,27.92,4.4,275.724,98.4156,0.4954
14214.516,49774.0,7070.3,4.8,131985.0,,83.5,4181.0,80.3,177.633,186.733,133.367,76.395,3.5,5.0,5269.8,,3.21,6.96,,,25.38,126.3668,0.8908,89.0224,75.2728,91.3777,61.5623,102.1593,317353.0,88.6,279000.0,6.3,1805987.33,157068.0,1600.0,114.89366666666666,172500.0,866.0,-29404.0,58440333333.333336,92402000000.0,1706.4522,1059.9095,7087.0,26.7,5.0,295.6093,98.30252666666668,0.6
14253.574,49783.0,7187.3,5.5,131193.0,,83.6,3720.0,79.8,177.5,187.967,129.4,76.764,2.13,4.76,5390.8,,1.91,6.77,,,27.91,127.1234,0.8951,88.0476,73.9587,93.5918,61.5486,102.4924,313425.0,85.1,288452.0,3.3,1851845.31,162507.0,1570.0,115.858,171100.0,925.0,-29360.0,56589000000.0,89276000000.0,1736.8849,1035.208,1514.0,20.5,5.8,298.6104,98.48448,0.732
14372.785,50091.0,7217.7,5.7,130772.0,,83.6,3582.0,79.7,178.067,189.0,128.9,77.0,1.73,5.08,5484.6,,1.72,6.97,,,21.36,129.1355,0.877,88.6826,74.1248,98.3265,60.5682,103.7198,313753.0,93.1,284275.0,5.5,1881338.13,159645.0,1723.0,117.09366666666666,188700.0,917.0,-31113.0,55860333333.33333,90809666666.66669,1765.9727,1014.0496,1402.0,21.64,6.3,296.3657,99.2092,0.3973
14460.848,50286.0,7308.0,5.8,130640.0,,83.5,3447.0,79.4,179.467,189.967,130.833,77.423,1.75,5.11,5528.1,,1.71,6.81,,,21.64,127.0564,0.9186,90.053,75.0518,103.1159,60.7367,104.562,318967.0,94.1,287052.0,5.9,1915250.99,159948.0,1691.0,120.77666666666669,187200.0,957.0,-34241.0,58304000000.0,96738333333.33334,1796.9762,993.1062,1238.0,26.27,6.3,300.1965,99.41777333333334,0.4214
14519.633,50362.0,7397.1,5.7,130556.0,,83.2,3395.0,79.3,180.433,190.967,131.667,77.836,1.74,4.27,5632.4,,1.64,6.29,,,35.07,124.9877,0.9842,90.6105,75.4436,98.044,59.9525,105.0474,322433.0,87.3,290482.0,5.4,1945787.63,160992.0,1697.0,124.63766666666666,178100.0,1005.0,-35462.0,58980333333.33333,98760666666.66666,1868.0221,972.5712,1474.0,28.32,6.1,307.0368,98.76745333333334,1.069
14537.58,50302.0,7473.0,5.9,130566.0,,83.1,3387.0,79.0,181.5,191.833,133.067,78.113,1.44,4.0,5748.3,,1.34,6.08,,,30.73,125.9645,1.0003,90.5614,75.4359,100.0147,58.8911,104.9466,320018.0,83.8,291669.0,5.5,1964814.21,160698.0,1730.0,126.64366666666666,190100.0,1026.0,-39406.0,57890000000.0,100813333333.33331,1977.9765,960.757,1737.0,28.3,6.2,313.5561,98.19557333333331,0.9159
14614.141,50462.0,7567.1,5.9,130416.0,,83.0,3256.0,78.9,183.367,192.467,138.033,78.354,1.25,3.92,5843.1,723346.0,1.15,5.84,1.84,,30.02,123.2955,1.0733,91.1293,75.9953,103.6964,60.0881,106.1501,328213.0,80.0,294247.0,5.1,1992391.72,160471.0,1736.0,128.42866666666666,186000.0,978.0,-41681.0,58663666666.66667,103114333333.33331,2063.3486,944.5417,1761.0,34.04,6.3,309.6945,98.01859333333331,0.7119
14743.567,50796.0,7661.5,6.1,130184.0,,83.2,3262.0,79.0,183.067,192.8,137.167,78.651,1.25,3.62,5957.9,737916.0,1.04,5.51,1.68,,21.53,119.1048,1.1356,90.4502,75.5162,103.1387,59.0023,105.3071,324851.0,89.3,297212.0,5.1,2024956.9,162352.0,1754.0,131.85133333333334,191800.0,1094.0,-40926.0,59156333333.33333,103062000000.0,2129.9342,926.1837,1695.0,28.98,6.4,316.8462,98.36627,0.3287
14988.782,51512.0,7820.9,6.1,130197.0,,82.9,3087.0,78.7,184.433,193.567,138.067,79.011,1.02,4.23,6078.9,741690.0,0.93,6.03,2.02,,19.32,118.9799,1.1264,91.054,76.0819,100.0616,59.1281,106.0949,331967.0,89.3,305496.0,5.5,2048759.84,165640.0,1890.0,135.89633333333333,191900.0,1168.0,-41018.0,60302333333.33334,104264333333.33334,2210.7836,912.2735,2432.0,30.22,6.5,322.4527,99.25403666666666,0.1448
15162.76,51986.0,7913.5,5.8,130503.0,,82.8,3348.0,78.7,185.133,194.067,139.233,79.365,1.0,4.29,6073.3,751828.0,0.92,5.92,2.27,,17.43,115.5516,1.192,91.9349,76.8539,104.4923,59.1136,106.218,340597.0,92.0,306914.0,5.0,2069751.96,165780.0,2036.0,138.79066666666668,198800.0,1122.0,-41789.0,63468000000.0,108599666666.66669,2206.9213,884.5964,1370.0,31.17,6.4,311.6572,100.30245333333332,-0.2331
15248.68,52179.0,8048.8,5.7,130905.0,,82.8,3494.0,78.8,186.7,195.0,142.2,79.802,1.0,4.01,6120.7,756309.0,0.92,5.6,2.32,,16.66,113.3322,1.2499,92.5877,77.436,106.8797,58.757,106.9306,344937.0,98.0,312520.0,4.6,2097767.91,167389.0,1918.0,142.27100000000002,212700.0,1200.0,-45317.0,65472166666.66668,114515000000.0,2256.3627,873.6853,1298.0,35.34,6.3,316.835,100.93473333333333,-0.4276
15366.85,52469.0,8147.1,5.6,131634.0,,82.8,3519.0,79.0,188.167,196.233,146.267,80.258,1.01,4.6,6251.0,765641.0,1.08,6.11,2.55,,16.21,115.8677,1.2047,93.1151,77.9207,106.181,57.9669,106.8861,351832.0,93.3,315811.0,5.0,2120514.9,167837.0,1937.0,148.34533333333334,217600.0,1202.0,-49668.0,67375233333.33334,121189333333.33331,2379.0479,865.5305,1805.0,38.32,6.0,329.0085,100.96343333333334,-0.5379
15512.619,52835.0,8283.3,5.4,131961.0,,82.8,3725.0,79.1,189.367,197.067,147.7,80.545,1.43,4.3,6320.5,778478.0,1.49,5.89,2.41,,15.44,114.9431,1.2227,93.6385,78.3778,100.4694,57.6125,106.657,357794.0,95.6,320698.0,4.5,2146892.13,169351.0,1977.0,153.75466666666668,213500.0,1159.0,-52313.0,68456599999.99999,123867666666.66666,2438.6248,882.4441,1652.0,43.89,5.6,324.2089,100.69966666666669,-0.553
15670.88,53242.0,8448.7,5.4,132521.0,,82.6,3830.0,79.0,191.4,198.267,150.533,80.982,1.95,4.18,6403.7,799499.0,2.01,5.74,2.49,,13.65,110.6804,1.2991,94.9708,79.4377,103.9786,57.4761,107.9861,370357.0,93.9,328817.0,4.5,2184237.29,171795.0,1965.0,157.49,228800.0,1242.0,-56314.0,70320833333.33333,130329000000.0,2524.5322,897.1039,1809.0,48.3,5.3,318.171,100.51593333333334,-0.7366
15844.727,53719.0,8551.7,5.3,132989.0,,82.7,3938.0,79.2,192.367,199.5,152.067,81.558,2.47,4.3,6439.5,803305.0,2.54,5.77,2.59,,12.79,109.4673,1.3112,96.2946,80.3838,105.5274,58.3182,108.9981,378486.0,94.1,331768.0,2.5,2209511.84,172464.0,2072.0,162.211,232500.0,1283.0,-55806.0,72215700000.0,132629333333.33331,2611.5101,932.7011,1684.0,49.9,5.1,320.1159,100.40933333333334,-0.8455
15922.782,53868.0,8701.1,5.1,133718.0,,82.7,4006.0,79.4,193.667,200.433,154.533,81.962,2.94,4.16,6484.3,807718.0,2.87,5.71,2.48,,13.41,110.7761,1.2591,96.836,80.5729,106.0013,57.9225,109.5423,393957.0,90.2,338368.0,2.2,2237680.11,174716.0,2051.0,169.52133333333333,233700.0,1273.0,-57168.0,75171400000.0,136802666666.66666,2703.6245,967.1985,1640.0,53.11,4.9,320.4156,100.2957,-0.7059
16047.587,54153.0,8868.1,5.0,134452.0,,82.9,4250.0,79.5,196.6,201.1,158.7,82.281,3.46,4.22,6576.8,816921.0,3.36,5.76,2.39,,12.25,111.0639,1.2196,96.4248,79.9063,102.049,54.1114,110.3067,397344.0,87.5,344613.0,1.8,2265303.03,175302.0,2100.0,175.878,236400.0,1296.0,-60643.0,75043533333.33333,140190000000.0,2816.4387,994.7836,1791.0,63.31,5.0,325.0302,100.4324,-0.8395
16136.734,54317.0,8955.3,5.0,134933.0,,82.7,4238.0,79.3,198.433,202.433,164.3,82.831,3.98,4.49,6664.3,828312.0,3.83,6.23,2.44,,12.78,111.865,1.189,97.305,80.283,105.6355,52.8175,110.7001,417985.0,82.4,346276.0,2.5,2283810.85,174508.0,2069.0,179.512,243600.0,1263.0,-65231.0,77929966666.66667,148196666666.6667,2896.6179,1023.4391,1853.0,60.03,4.9,320.7634,100.81973333333332,-0.76
16353.835,54927.0,9100.2,4.7,135731.0,,82.9,4485.0,79.7,199.467,203.7,162.767,83.311,4.46,4.58,6751.6,836512.0,4.4,6.25,2.49,,12.04,110.3728,1.2033,98.229,80.6832,106.3529,55.0467,110.0947,422452.0,88.9,355901.0,3.2,2376085.43,178427.0,2120.0,181.69233333333335,247700.0,1117.0,-63891.0,81796333333.33333,150758000000.0,2972.1233,1057.8296,1554.0,63.27,4.7,318.1571,101.16053333333332,-1.005
16396.151,54945.0,9227.7,4.6,136264.0,20.17,82.8,4622.0,79.7,201.267,205.367,165.4,83.975,4.91,5.07,6824.3,842214.0,4.71,6.6,2.61,,14.53,108.6511,1.2576,98.8099,80.7679,106.602,55.7059,110.6945,423179.0,83.8,357335.0,3.0,2400218.41,177544.0,1855.0,184.19166666666663,246300.0,1094.0,-63740.0,84737666666.66666,153851000000.0,3060.8124,1101.4132,1807.0,70.46,4.7,305.6541,101.12116666666668,-0.9411
16420.738,54886.0,9353.8,4.6,136684.0,20.34,82.9,4614.0,79.8,203.167,206.767,166.7,84.427,5.25,4.89,6923.9,845169.0,4.91,6.56,2.52,,13.61,108.1127,1.2741,99.2015,80.6186,101.126,56.7641,110.5331,423795.0,84.0,359553.0,2.4,2415214.84,176974.0,1702.0,184.403,235600.0,1005.0,-66760.0,86184333333.33333,157994333333.3333,3135.8504,1143.7991,1594.0,70.48,4.5,301.0477,101.06446666666668,-0.9068
16561.866,55216.0,9427.4,4.4,137052.0,20.5,83.0,4619.0,80.1,202.333,207.833,164.133,84.791,5.25,4.63,7040.0,857002.0,4.9,6.24,2.31,,11.03,107.5042,1.2898,99.4439,80.2667,102.244,56.9944,110.7217,426714.0,92.5,360486.0,2.6,2442288.21,178162.0,1570.0,183.638,245400.0,981.0,-60120.0,89271333333.33333,155376333333.33334,3338.1897,1170.0327,1745.0,59.94,4.3,309.468,101.30123333333331,-0.9493
16611.69,55260.0,9572.1,4.5,137604.0,20.67,83.3,4808.0,80.2,204.317,209.051,166.7,85.375,5.26,4.68,7140.5,865283.0,4.98,6.21,2.36,,12.56,107.2322,1.3109,100.4555,80.5114,103.996,56.422,111.0524,433491.0,92.2,364927.0,2.7,2470809.56,178608.0,1461.0,182.461,257400.0,851.0,-59559.0,90885000000.00002,157634333333.33334,3393.3189,1203.119,1559.0,58.08,4.2,313.9565,101.62433333333333,-0.99
16713.314,55474.0,9678.7,4.5,137969.0,20.85,83.0,4735.0,80.0,206.631,210.066,172.833,85.731,5.25,4.85,7261.3,870329.0,4.74,6.36,2.41,,13.73,104.7099,1.3484,101.618,80.9348,107.8274,56.989,111.2184,446342.0,86.9,368425.0,2.8,2507622.29,178301.0,1451.0,181.85233333333332,242200.0,841.0,-60021.0,94082333333.33331,161280666666.66666,3409.7417,1243.1936,1591.0,64.97,4.3,302.5495,101.90093333333331,-0.8932
16809.587,55649.0,9798.4,4.7,138053.0,20.99,82.9,4599.0,79.8,207.939,211.149,173.667,86.152,5.07,4.74,7375.8,871863.0,4.31,6.55,2.29,,21.59,102.8783,1.3748,101.7108,80.7002,101.4995,57.3236,110.6173,450565.0,85.7,371280.0,2.4,2551143.37,178552.0,1289.0,180.11633333333333,241800.0,721.0,-58539.0,97130000000.0,164002000000.0,3473.009,1309.3814,2750.0,75.22,4.5,304.5082,101.8659,0.4299
16915.191,55857.0,9937.1,4.8,138288.0,21.12,82.9,4609.0,79.7,210.49,212.635,177.433,86.747,4.5,4.27,7455.5,882967.0,3.41,6.22,2.34,,22.03,99.3787,1.4482,102.0459,80.921,101.8269,58.1063,109.3437,468364.0,77.5,376149.0,2.2,2596483.95,178705.0,1166.0,175.34199999999998,238400.0,662.0,-58879.0,100635000000.0,169403666666.66666,3581.0014,1391.7476,1626.0,90.58,4.7,310.855,101.55576666666668,1.2272
16843.003,55497.0,10004.5,5.0,138325.0,21.27,83.3,4376.0,79.9,212.77,214.043,183.867,87.207,3.18,3.67,7597.4,889325.0,2.06,5.87,2.34,,26.12,97.4816,1.5007,101.7919,80.8616,99.5149,58.4281,108.2524,475406.0,72.9,373271.0,2.8,2633175.9,175436.0,1064.0,169.389,233900.0,585.0,-61921.0,105976333333.33331,176677999999.99997,3630.5327,1451.1236,2011.0,97.86,4.8,319.3799,101.1885,1.5361
16943.291,55705.0,10129.9,5.3,137862.0,21.46,83.1,4020.0,79.5,215.538,214.973,196.0,87.573,2.09,3.88,7727.5,891236.0,1.62,6.09,2.4,,20.67,95.7861,1.5625,100.2539,79.8024,97.2346,58.7636,106.0042,480201.0,59.6,375021.0,4.6,2658948.63,173996.0,1011.0,166.95966666666666,235300.0,509.0,-62311.0,112331666666.66666,184502000000.0,3649.5381,1491.9395,1861.0,123.78,5.0,315.8449,100.58213333333332,1.3774
16854.295,55278.0,10159.1,6.0,137157.0,21.68,83.1,3548.0,78.9,218.861,216.357,200.467,88.02,1.94,3.86,7823.4,937908.0,1.5,6.32,2.17,,25.07,97.7592,1.503,96.942,77.1346,87.8326,56.5308,103.4682,464733.0,64.8,371350.0,3.5,2661649.39,169674.0,862.0,163.96766666666667,226500.0,448.0,-63225.0,113900000000.0,185476000000.0,3642.554,1515.4894,12147.0,118.29,5.5,321.1621,99.11624666666664,2.0511
16485.35,53941.0,9906.9,6.9,135561.0,21.85,82.9,3251.0,78.0,213.849,216.887,178.033,87.951,0.51,3.23,8069.2,2023719.0,0.31,5.84,0.65,,58.6,108.2014,1.3202,92.7956,73.5965,81.6837,57.8807,101.3627,390646.0,57.7,341464.0,5.6,2651999.95,159651.0,663.0,155.92633333333333,222500.0,386.0,-49993.0,96939000000.0,154557666666.66666,3823.6771,1572.5675,506578.0,58.68,6.3,811.3477,96.81542333333331,7.0983
16298.262,53221.0,9815.0,8.3,133296.0,22.0,82.7,2712.0,76.6,212.378,217.797,169.533,87.95,0.18,2.74,8331.9,1966766.0,0.21,5.06,0.95,,45.0,111.0662,1.3035,87.561,69.1611,71.2406,59.9058,97.1902,340047.0,58.3,334084.0,5.7,2636129.82,157308.0,526.0,147.83100000000002,208400.0,349.0,-32771.0,83606000000.0,124269333333.33334,3817.8266,1531.5041,717584.0,43.14,7.5,915.7147,95.42359666666668,3.9047
16269.145,53017.0,9805.5,9.3,131432.0,22.12,82.9,2449.0,76.0,213.507,218.907,171.333,88.294,0.18,3.32,8433.5,2106421.0,0.17,5.01,1.6,,33.02,106.9345,1.3619,85.1362,67.0458,70.3226,60.4665,95.5771,339798.0,68.2,335164.0,6.8,2605819.73,156976.0,534.0,148.303,220900.0,369.0,-27821.0,83398000000.00002,120488000000.0,3859.9454,1471.4222,812854.0,59.61,8.3,983.0311,95.87788,1.9268
16326.281,53081.0,9939.4,9.6,130460.0,22.23,82.7,2352.0,75.5,215.344,219.56,173.867,88.607,0.16,3.52,8463.0,2061508.0,0.16,5.16,1.77,,25.49,103.4951,1.4304,86.5689,68.1689,74.99,62.058,97.0096,354625.0,68.4,341897.0,5.1,2583191.79,158769.0,588.0,150.34833333333333,214300.0,405.0,-33409.0,89091000000.0,131649666666.66669,3806.266,1369.0341,779045.0,68.14,8.7,987.7029,97.26639,0.6386
16502.754,53531.0,10005.0,9.9,129976.0,22.34,82.3,2492.0,75.0,217.03,220.683,176.9,89.159,0.12,3.46,8506.0,2192677.0,0.06,4.92,2.09,,23.07,100.9117,1.4762,87.92,69.4594,77.6517,61.2323,97.6821,368993.0,70.2,344034.0,5.3,2556669.55,158518.0,568.0,147.73,219000.0,374.0,-37589.0,95919000000.0,143468000000.0,3774.7659,1288.0881,1049084.0,76.0,9.0,1239.108,98.57367666666669,0.1114
16582.71,53683.0,10101.8,9.8,129791.0,22.44,82.4,2727.0,75.1,217.374,220.716,182.067,89.464,0.13,3.72,8509.8,2275870.0,0.11,5.0,2.28,,20.15,101.9681,1.3821,89.61,71.1892,80.2059,61.6685,97.6357,396189.0,73.9,348911.0,5.4,2536694.75,160512.0,618.0,143.88433333333333,222900.0,354.0,-39840.0,100462333333.33331,150436666666.66666,3728.0939,1224.4136,1106457.0,78.81,9.0,1269.712,99.48204333333334,-0.264
16743.162,54100.0,10208.1,9.6,130424.0,22.51,82.4,2981.0,75.2,217.297,220.993,184.233,89.705,0.19,3.49,8597.6,2334581.0,0.15,4.92,2.14,,26.39,103.4946,1.274,91.3551,73.0524,83.7031,61.8655,97.9359,401945.0,73.9,355023.0,6.2,2524289.71,163381.0,602.0,146.714,219500.0,336.0,-43633.0,104136000000.0,158012000000.0,3699.053,1198.0604,1043324.0,77.82,8.8,1177.7344,99.69205333333332,0.2558
16872.266,54401.0,10300.8,9.5,130391.0,22.63,82.0,3000.0,75.1,217.934,221.528,184.633,89.843,0.19,2.78,8682.3,2316060.0,0.15,4.45,1.73,,24.28,102.3342,1.2938,92.5673,74.4518,81.3174,63.52,98.7483,410910.0,68.3,356841.0,6.1,2521207.05,163737.0,580.0,146.19833333333335,224100.0,294.0,-43854.0,107469333333.33334,162675666666.66666,3652.8184,1187.7576,1008118.0,76.06,8.6,1167.4133,99.59512333333332,0.311
16960.864,54569.0,10430.3,9.5,130733.0,22.74,81.9,3168.0,74.9,219.699,222.107,188.0,90.127,0.19,2.88,8793.6,2342764.0,0.14,4.44,2.12,,19.32,99.1828,1.3586,92.9545,75.0437,80.795,64.2605,98.4579,424674.0,71.3,366553.0,6.0,2569383.17,166842.0,542.0,141.85666666666663,224300.0,301.0,-40369.0,114096666666.66669,166828333333.33334,3621.5176,1187.9107,983293.0,85.16,8.5,1142.4616,99.91441666666668,-0.1555
16920.632,54341.0,10558.2,9.0,131058.0,22.87,81.7,3197.0,75.2,222.044,223.157,195.9,90.523,0.16,3.46,8907.1,2516460.0,0.13,4.85,2.38,,18.61,97.6974,1.3699,93.4539,75.5523,85.5672,63.4017,98.9973,449281.0,73.1,375121.0,6.6,2664390.47,168938.0,582.0,138.182,226900.0,292.0,-45729.0,118553000000.0,178060666666.66663,3571.3368,1200.6523,1189710.0,94.07,8.3,1343.461,100.28916666666667,-0.2944
17035.114,54610.0,10673.0,9.1,131744.0,22.96,81.7,3298.0,75.1,224.568,224.2,203.7,91.052,0.09,3.2,9103.3,2756634.0,0.05,4.65,2.4,,17.48,95.2287,1.4399,93.8262,75.7758,84.8671,65.4754,99.027,455908.0,71.9,381167.0,6.4,2685670.64,169733.0,574.0,140.59766666666667,228100.0,305.0,-46764.0,123099000000.0,183924000000.0,3510.7885,1225.4872,1515430.0,102.02,8.2,1647.1955,100.02849,-0.3306
17031.313,54482.0,10755.0,9.0,132154.0,23.1,81.5,3575.0,75.0,226.033,225.733,203.833,91.468,0.08,2.41,9469.7,2863445.0,0.03,4.29,2.15,,30.58,95.8502,1.4123,94.8725,76.3717,83.2719,66.0674,99.875,462089.0,59.7,384698.0,6.6,2715579.43,170195.0,619.0,141.43,223500.0,300.0,-44866.0,125877666666.66666,185755666666.66663,3492.4782,1258.5846,1585997.0,89.49,8.4,1725.8347,99.37451333333333,0.4088
17222.583,54979.0,10809.2,8.6,132710.0,23.2,81.5,3651.0,75.2,227.047,226.937,200.767,91.794,0.07,2.05,9628.4,2854890.0,0.01,4.0,2.0,,29.94,99.5786,1.3476,95.8493,76.7905,85.0561,69.1267,99.2755,471038.0,64.8,390879.0,6.6,2743662.22,172157.0,672.0,136.7423333333333,221100.0,328.0,-47481.0,126639333333.33331,188244333333.3333,3499.3554,1291.1151,1515526.0,94.02,8.5,1695.2195,99.39212,0.7534
17367.01,55342.0,10959.3,8.3,133500.0,23.3,81.5,3835.0,75.6,228.326,228.13,202.167,92.373,0.1,2.04,9799.6,2911888.0,0.07,3.92,2.21,,18.2,98.8171,1.3121,96.7955,77.1271,88.9704,71.1971,98.1809,482866.0,75.5,399113.0,7.4,2779778.07,174798.0,707.0,134.67066666666668,238400.0,352.0,-47552.0,127806666666.66669,191286000000.0,3531.7652,1337.1508,1530202.0,102.98,8.6,1696.1684,99.86375666666667,0.1604
17444.525,55490.0,11005.0,8.2,133923.0,23.42,81.4,3846.0,75.7,228.808,229.251,201.8,92.755,0.15,1.83,9951.9,2862443.0,0.09,3.79,2.18,,20.04,100.5902,1.2836,97.3958,77.1838,89.0064,71.9618,98.1245,469907.0,76.3,398249.0,7.9,2816716.88,174053.0,739.0,140.892,238700.0,361.0,-44963.0,129276333333.33334,191063000000.0,3536.8381,1380.2248,1467947.0,93.29,8.8,1633.0242,99.82736666666668,0.1655
17469.65,55454.0,11059.4,8.0,134337.0,23.52,81.4,3809.0,75.8,229.841,230.287,202.4,93.023,0.14,1.64,10139.6,2837341.0,0.1,3.55,2.27,,16.19,100.5787,1.2508,97.3888,76.7919,83.7213,73.7547,97.7651,467951.0,75.0,401658.0,7.0,2854313.95,174752.0,780.0,144.44733333333335,248800.0,376.0,-41743.0,129245666666.66666,188048000000.0,3526.8464,1423.2619,1461068.0,92.17,8.6,1629.7943,99.6391,-0.1633
17489.852,55403.0,11165.7,7.8,134856.0,23.64,81.4,3874.0,76.0,231.369,231.36,202.267,93.435,0.16,1.71,10369.7,2858947.0,0.09,3.36,2.47,,16.75,99.1213,1.2977,97.876,76.825,84.7751,77.1161,97.7159,480978.0,79.4,407137.0,9.1,2899343.78,175969.0,908.0,143.926,251700.0,383.0,-41044.0,128905333333.33331,188370000000.0,3544.324,1458.0041,1433125.0,88.01,8.4,1661.2596,99.80984,-0.4621
17662.4,55859.0,11277.7,7.7,135497.0,23.77,81.0,4001.0,75.7,232.299,232.531,203.6,93.8,0.14,1.95,10529.0,3060648.0,0.09,3.5,2.54,,13.53,99.6853,1.3196,98.6213,77.1019,90.3809,78.1384,98.306,487235.0,76.7,414384.0,4.8,2949336.45,178383.0,953.0,145.80766666666668,258400.0,446.0,-38484.0,129878000000.0,188405666666.66663,3554.3872,1491.4263,1598101.0,94.33,8.2,1846.3152,100.163,-0.6497
17709.671,55914.0,11315.7,7.5,136082.0,23.91,81.1,4094.0,75.9,232.045,233.059,203.967,94.064,0.12,1.99,10642.5,3353623.0,0.05,3.67,2.25,,14.84,100.7242,1.3064,99.0683,77.2003,93.774,80.0932,98.5749,492574.0,81.7,413846.0,5.3,2987456.69,178347.0,868.0,153.75,268100.0,446.0,-38205.0,130612333333.33331,188200333333.33337,3548.2835,1512.0864,1848461.0,94.05,7.9,2038.9769,100.47526666666668,-0.4626
17860.45,56272.0,11408.4,7.2,136619.0,24.02,81.1,4033.0,76.0,233.3,234.305,204.167,94.434,0.08,2.71,10790.4,3613485.0,0.03,4.44,2.15,,14.28,101.8402,1.3252,99.4698,77.3187,89.5798,83.1783,98.1895,487696.0,81.6,417714.0,5.2,3030276.09,179046.0,882.0,159.11333333333332,264800.0,386.0,-37630.0,131179333333.33331,189660666666.66663,3530.2063,1533.8867,2113716.0,105.83,7.7,2293.3494,100.6344,-0.3607
18016.147,56642.0,11551.2,6.9,137243.0,24.14,80.8,4154.0,75.9,234.163,235.346,201.9,94.841,0.09,2.74,11001.6,3889295.0,0.06,4.29,2.17,,14.23,101.2638,1.3619,100.1453,77.6804,91.0902,83.7245,99.1439,498660.0,76.9,420851.0,4.6,3076574.6,179726.0,1009.0,159.39966666666666,273600.0,441.0,-34635.0,134477000000.0,189856333333.33337,3528.4686,1558.624,2365841.0,97.5,7.3,2591.5876,100.65626666666668,-0.5495
17953.974,56345.0,11646.0,6.7,137753.0,24.29,81.0,4296.0,76.4,235.621,236.257,205.5,95.141,0.07,2.77,11173.3,4127964.0,0.05,4.36,2.18,,14.83,102.7864,1.3705,100.8268,78.0467,95.2305,87.1435,98.9803,493884.0,80.9,424313.0,5.2,3132530.59,180081.0,934.0,160.14066666666668,275200.0,423.0,-40164.0,133286666666.66666,193893000000.0,3547.4075,1609.9207,2482449.0,98.68,6.8,2680.2022,100.66596666666668,-0.5951
18185.911,56968.0,11810.4,6.2,138553.0,24.4,80.8,4765.0,76.6,236.872,237.479,208.2,95.556,0.09,2.62,11325.4,4311948.0,0.03,4.23,2.19,,12.74,102.2677,1.3716,102.2146,78.9343,98.0736,91.9933,99.3182,498678.0,82.8,434405.0,5.5,3191893.55,183392.0,987.0,164.616,288000.0,424.0,-40735.0,135388666666.66669,198083000000.0,3585.2762,1660.6939,2572858.0,103.35,6.4,2777.8608,100.79173333333333,-0.7279
18406.941,57536.0,11959.8,6.1,139302.0,24.52,80.9,5036.0,76.8,237.478,238.462,207.133,95.915,0.09,2.5,11468.2,4414642.0,0.03,4.14,2.18,,13.07,103.1237,1.325,102.7898,79.1531,94.3107,95.2191,99.1643,515851.0,83.0,438042.0,5.4,3248452.8,184456.0,1031.0,167.27133333333333,281000.0,443.0,-39181.0,136457666666.66666,196501000000.0,3613.185,1708.5486,2659509.0,97.87,6.1,2886.7127,100.84423333333334,-0.6298
18500.031,57702.0,12081.6,5.7,140084.0,24.62,80.9,4995.0,77.0,236.888,239.411,200.433,96.175,0.1,2.28,11632.5,4484785.0,0.02,3.96,1.83,,16.07,107.8625,1.2497,103.3913,79.4029,94.9385,97.3931,100.0929,475360.0,89.8,439951.0,5.7,3289342.22,185721.0,1049.0,166.67066666666668,298900.0,472.0,-41238.0,135257666666.66669,196978000000.0,3628.9258,1750.453,2533374.0,73.21,5.8,2918.0741,100.7617,-0.3072
18666.621,58121.0,12119.8,5.5,140773.0,24.8,80.9,5340.0,77.1,235.355,240.246,191.533,96.336,0.11,1.97,11849.2,4497297.0,0.02,3.72,1.7,,16.56,114.2815,1.1246,102.2386,78.3725,98.4075,99.1189,100.7273,457920.0,95.5,437823.0,6.2,3339496.9,186026.0,977.0,166.98233333333334,289200.0,512.0,-40500.0,127318333333.33331,190788333333.33337,3680.1056,1808.944,2527898.0,48.49,5.6,2843.109,100.52506666666667,-0.1379
18782.243,58376.0,12264.1,5.4,141481.0,24.94,81.0,5470.0,77.3,236.96,241.699,193.033,96.765,0.12,2.16,11969.1,4480482.0,0.02,3.82,1.86,2101.83,13.74,114.6645,1.1069,100.8173,77.2233,102.0496,100.0082,100.3256,458364.0,94.2,445218.0,5.8,3401539.63,187887.0,1158.0,171.75233333333333,289100.0,495.0,-40254.0,127745666666.66669,189375000000.0,3733.3926,1860.7212,2532450.0,57.85,5.4,2754.6477,100.21896666666667,-0.3085
18857.418,58486.0,12382.5,5.1,142130.0,25.07,80.7,5670.0,77.2,237.855,242.899,191.633,97.077,0.14,2.22,12114.1,4485814.0,0.04,3.95,1.65,2027.2,19.31,118.6548,1.1119,100.8796,77.2809,98.7123,99.7619,101.6084,451374.0,90.7,449467.0,5.7,3462163.86,188967.0,1167.0,174.82,295800.0,493.0,-42062.0,124977666666.66669,187082666666.66663,3778.1314,1901.7997,2514422.0,46.49,5.0,2671.0307,99.80657,0.0615
18892.206,58470.0,12423.4,5.0,142821.0,25.23,80.9,5775.0,77.3,237.837,244.185,185.567,97.319,0.16,2.19,12291.2,4489102.0,0.12,3.9,1.53,2052.31,17.03,120.5972,1.0954,99.5133,76.2696,98.1098,97.9882,100.5549,443676.0,91.3,448747.0,5.7,3471608.23,188678.0,1125.0,175.09,302500.0,511.0,-40776.0,120992333333.33331,182148666666.66663,3843.6893,1942.9503,2477268.0,41.94,4.9,2687.3331,99.41926,0.1718
19001.69,58704.0,12523.2,4.9,143426.0,25.4,81.2,5970.0,77.8,237.689,245.459,182.0,97.726,0.36,1.91,12556.2,4486484.0,0.29,3.74,1.43,1951.22,20.49,122.9216,1.1035,98.8419,75.7657,101.1223,97.1543,100.9703,436942.0,91.6,449912.0,5.9,3441576.06,189286.0,1143.0,175.62733333333335,299800.0,518.0,-40050.0,117377000000.0,178272000000.0,3917.0904,1988.9197,2332041.0,33.35,4.8,2529.519,99.20323666666668,0.5316
19062.709,58787.0,12665.1,4.9,143967.0,25.58,81.2,5774.0,77.9,239.59,247.076,185.367,98.262,0.37,1.75,12773.6,4475798.0,0.26,3.59,1.56,2075.13,15.68,120.1673,1.1295,98.488,75.4606,103.8555,95.1726,101.4319,440299.0,92.4,454949.0,5.2,3504253.78,189885.0,1171.0,180.24566666666664,306000.0,568.0,-39600.0,119888000000.0,180339333333.33337,3985.1877,2043.5955,2295695.0,45.46,4.8,2512.9931,99.17315666666669,0.1647
19197.938,59084.0,12797.1,4.9,144716.0,25.72,81.4,5836.0,78.0,240.607,248.365,187.067,98.689,0.4,1.56,12979.7,4468330.0,0.3,3.45,1.48,2162.06,13.23,121.233,1.1163,98.7477,75.5924,99.3022,93.4658,101.7755,437742.0,90.3,459223.0,5.1,3563763.82,190860.0,1159.0,183.52833333333336,303800.0,587.0,-39027.0,123237000000.0,183814999999.99997,4053.5357,2059.3592,2210111.0,44.85,5.0,2424.0979,99.24473333333334,0.244
19304.352,59296.0,12922.0,4.8,145219.0,25.91,81.4,5842.0,78.1,242.135,249.514,187.067,99.029,0.45,2.14,13170.2,4457911.0,0.43,3.84,1.81,2184.88,14.1,125.2801,1.078,98.7029,75.5083,100.0929,93.8836,100.9765,447318.0,93.1,464148.0,5.2,3618876.13,191689.0,1235.0,184.20566666666667,310900.0,569.0,-41142.0,123172333333.33331,186774000000.0,4107.1207,2086.5984,1987879.0,49.14,4.9,2253.7398,99.56291333333331,0.001
19398.343,59494.0,13097.3,4.6,145815.0,26.06,81.6,5784.0,78.3,243.839,250.803,191.267,99.488,0.7,2.45,13352.6,4460615.0,0.6,4.17,2.01,2325.93,11.69,125.9262,1.0661,98.7669,75.5882,102.4427,96.2269,99.5678,451237.0,97.2,472704.0,5.5,3669837.22,193859.0,1217.0,185.39166666666668,313100.0,597.0,-41488.0,126620666666.66669,191259666666.6667,4142.6342,2076.6841,2097067.0,51.62,4.6,2346.7511,99.85997333333331,-0.2581
19506.949,59736.0,13188.8,4.4,146379.0,26.21,81.7,6074.0,78.6,244.12,251.468,193.133,99.821,0.95,2.26,13528.3,4471341.0,0.89,3.98,1.82,2397.97,11.43,123.2301,1.1008,100.1689,76.799,102.5726,98.2546,100.469,456335.0,96.4,473054.0,6.0,3713980.12,193779.0,1184.0,190.43866666666668,318200.0,617.0,-43597.0,126702000000.0,192738666666.6667,4182.6632,2070.3528,2126385.0,48.1,4.6,2336.2753,99.92224666666668,-0.5404
19660.766,60099.0,13325.1,4.3,146899.0,26.4,81.8,6278.0,78.7,245.287,252.444,194.033,100.123,1.15,2.24,13683.6,4463849.0,1.04,3.88,1.79,2467.17,10.94,119.0922,1.1755,99.8223,76.7608,96.2425,100.3141,99.7397,453846.0,95.1,477388.0,6.0,3758429.76,194620.0,1182.0,194.21166666666667,320500.0,588.0,-42279.0,128495666666.66666,192703666666.66663,4223.0387,2086.321,2168842.0,48.18,4.7,2410.9327,100.04284,-0.5983
19882.352,60674.0,13551.4,4.2,147349.0,26.56,81.7,6338.0,78.9,247.238,253.895,195.7,100.568,1.2,2.37,13821.2,4452972.0,1.21,3.92,1.87,2603.28,10.31,120.0675,1.1778,101.2419,78.1129,98.7422,105.2044,100.2236,472176.0,98.4,489147.0,5.5,3814629.89,197842.0,1236.0,195.449,337900.0,656.0,-44949.0,133672333333.33334,203259666666.66663,4269.7695,2107.1128,2151314.0,55.27,4.6,2421.2066,100.36286666666668,-0.712
20044.077,61093.0,13745.1,4.0,147998.0,26.77,81.9,6664.0,79.1,249.322,255.729,198.833,101.208,1.45,2.76,13914.3,4418993.0,1.56,4.28,2.08,2733.48,17.35,117.5968,1.2289,101.8038,78.7564,103.3592,108.7228,100.3121,478782.0,98.9,492261.0,5.8,3862963.88,197440.0,1298.0,197.18566666666663,331800.0,629.0,-46458.0,136707333333.33331,208724666666.66663,4314.017,2110.8192,2081343.0,62.91,4.4,2315.781,100.67323333333331,-0.266
20150.476,61336.0,13891.3,3.9,148707.0,26.97,82.0,7041.0,79.3,250.679,257.058,202.567,101.751,1.74,2.92,14054.2,4346987.0,1.84,4.54,2.13,2703.13,15.34,121.0073,1.1922,102.9872,79.7734,104.5673,112.6889,100.4608,488661.0,98.3,498215.0,6.1,3895729.16,198745.0,1275.0,202.35466666666667,315600.0,647.0,-44120.0,141029000000.0,208633333333.33337,4342.7863,2172.6598,1911674.0,68.07,4.1,2177.5762,100.74046666666668,-0.1198
20276.154,61622.0,14002.2,3.8,149219.0,27.21,82.0,7270.0,79.4,251.686,257.986,203.767,102.076,1.92,2.92,14200.4,4243144.0,2.04,4.57,2.11,2849.6,12.86,125.1218,1.1629,103.8395,80.4004,100.7627,119.9284,100.7034,491184.0,98.1,501417.0,6.6,3942594.18,199224.0,1249.0,205.204,330900.0,605.0,-49931.0,138870000000.0,213775666666.6667,4370.3048,2208.4064,1790592.0,69.69,3.9,2097.1382,100.54046666666667,-0.572
20304.874,61619.0,14099.2,3.8,149651.0,27.46,82.3,7462.0,79.6,252.711,259.473,202.633,102.552,2.22,3.04,14292.2,4128102.0,2.31,4.78,1.98,2698.93,21.05,127.8544,1.1414,103.9958,80.3809,101.6906,123.414,101.1069,482040.0,98.1,503291.0,7.2,3991795.47,199157.0,1166.0,205.04366666666667,322800.0,575.0,-52355.0,138623000000.0,214775666666.66663,4400.9751,2269.8096,1650828.0,59.97,4.0,1981.7156,100.06383,-0.1003
20431.641,61939.0,14150.2,3.9,150140.0,27.68,82.5,7295.0,79.8,253.386,261.173,199.7,102.964,2.4,2.65,14472.4,4009351.0,2.39,4.37,1.86,2721.0,16.47,126.9252,1.1354,103.007,79.4163,102.3665,124.8142,100.5498,475590.0,94.5,503360.0,8.3,4039760.75,198651.0,1179.0,204.78466666666668,313000.0,654.0,-48209.0,138315666666.66666,210028000000.0,4437.0265,2327.8612,1521118.0,54.82,3.9,1835.1744,99.5279,-0.3209
20602.275,62385.0,14350.7,3.6,150684.0,27.88,82.2,7247.0,79.7,255.247,262.318,201.367,103.399,2.4,2.34,14663.9,3881489.0,2.3,4.01,1.82,2882.33,15.18,128.1095,1.1237,102.4116,78.7309,103.1473,129.2266,100.0269,465580.0,98.5,512070.0,7.3,4082244.95,200617.0,1269.0,209.19533333333337,322500.0,683.0,-49668.0,137117666666.66669,211025333333.33337,4482.988,2330.3252,1408714.0,59.88,3.7,1712.8221,99.17544333333332,-0.484
20843.322,63022.0,14548.3,3.6,151157.0,28.11,82.4,7115.0,79.9,256.089,263.848,199.433,103.783,2.19,1.8,14950.8,3795758.0,1.98,3.66,1.64,2957.85,15.96,129.6221,1.112,102.4157,78.5013,99.3323,130.977,100.2339,462654.0,93.8,519270.0,6.9,4132962.88,202769.0,1309.0,211.62033333333332,318400.0,691.0,-47237.0,136456000000.00002,208282666666.66663,4516.1741,2357.2107,1356486.0,56.34,3.8,1662.5423,98.97779,-0.1936
20985.448,63360.0,14701.1,3.6,151641.0,28.32,82.9,6959.0,80.3,257.888,265.513,198.867,104.147,1.64,1.79,15260.7,4037312.0,1.58,3.7,1.64,3082.76,13.99,129.8144,1.1075,101.8931,77.9124,98.7947,135.2012,100.1153,451537.0,97.2,522623.0,6.7,4173353.85,202654.0,1409.0,212.09066666666664,327100.0,712.0,-41351.0,135717333333.33334,201910000000.0,4576.2346,2365.8252,1400656.0,56.84,3.9,1713.6362,99.08564666666666,-0.1128
20693.238,62415.0,14496.2,3.8,151739.0,28.57,82.8,6689.0,80.1,258.767,267.056,196.367,104.589,1.26,1.37,15611.9,4304006.0,1.08,3.52,1.43,3055.87,31.22,,1.1022,100.205,76.539,101.1142,135.5285,98.27,445264.0,96.6,509489.0,9.0,4211385.83,196877.0,1456.0,213.59233333333333,329000.0,673.0,-42793.0,132860333333.33331,197638000000.0,4639.2582,2391.3157,1576857.0,45.34,4.1,1839.788,98.74473333333331,0.9959
19056.617,57440.0,13175.6,13.0,133712.0,29.71,80.6,5462.0,71.5,256.326,265.699,188.433,104.386,0.06,0.69,17676.3,6753313.0,0.14,3.24,1.17,2931.69,34.49,,1.1016,87.4555,66.8603,72.0095,117.1053,89.1824,378330.0,74.1,473420.0,24.4,4134863.67,184673.0,1079.0,218.495,317100.0,728.0,-52483.0,96207333333.33331,169579333333.33334,4676.2791,2955.8688,3056410.0,27.96,15.3,3126.6316,94.99983,1.1221
20548.793,61906.0,14478.0,8.8,140615.0,29.47,81.1,6455.0,74.7,259.242,268.221,194.267,105.177,0.09,0.65,18433.5,6996256.0,0.11,2.95,1.59,3319.83,25.81,,1.1698,95.6082,73.3269,103.9107,119.17,99.9425,436029.0,75.7,542399.0,14.9,4156904.13,209221.0,1462.0,224.12766666666667,327900.0,995.0,-60021.0,118970666666.66669,198958000000.0,4681.7783,2815.1304,2781411.0,40.89,11.2,2866.2268,98.47640666666668,-0.0507
20771.691,62544.0,14752.7,6.8,142580.0,29.7,81.1,6818.0,76.2,261.05,269.862,198.433,105.651,0.09,0.86,18947.0,7225935.0,0.09,2.76,1.78,3554.5,25.62,,1.1925,97.2275,74.9612,104.6155,118.4662,100.18,455811.0,79.8,547664.0,12.1,4174929.02,209794.0,1577.0,232.154,338600.0,929.0,-62600.0,128135000000.0,210770333333.3333,4653.8388,2642.5232,,42.52,9.0,3054.0411,99.55209,-0.2263
21058.379,63418.0,15259.4,6.2,143527.0,30.01,81.2,7841.0,76.6,263.67,270.899,210.133,106.54,0.08,1.34,19571.7,7517579.0,0.05,2.88,2.19,3865.71,23.2,,1.2045,97.5045,75.6483,108.816,117.3044,100.727,487644.0,80.2,580782.0,19.2,4211392.64,220243.0,1571.0,239.94166666666663,355000.0,844.0,-65094.0,137183666666.66669,222916666666.66663,4651.7644,2577.9884,,58.09,8.4,3365.9959,100.57923333333332,-0.5349
21389.005,64383.0,16016.4,5.9,145157.0,30.4,81.4,9835.0,77.0,268.623,275.581,223.9,108.082,0.07,1.59,20350.7,7900327.0,0.03,3.0,2.38,4183.63,18.0,,1.205,99.0556,77.3425,105.0536,124.3312,100.7755,502834.0,85.6,620124.0,10.0,4314287.56,230862.0,1579.0,255.46066666666667,367800.0,751.0,-68213.0,143967666666.66666,231592333333.33337,4642.4956,2526.9435,,66.19,7.6,3831.3528,101.182,-0.7867
21571.421,64850.0,16363.9,5.1,147239.0,30.8,81.7,10917.0,77.9,272.89,279.105,233.648,109.385,0.09,1.32,20817.1,8309389.0,0.05,2.87,2.34,4421.67,18.29,,1.1784,99.7012,78.2702,101.3745,123.6859,101.2729,521836.0,74.8,616689.0,8.3,4463027.56,225983.0,1586.0,268.55766666666665,395200.0,716.0,-73420.0,146612000000.0,236186666666.66663,4686.9292,2433.1698,,70.58,6.7,4073.4673,101.11003333333332,-0.7248
21960.388,65925.0,16816.2,4.2,149185.0,31.27,81.9,11351.0,78.9,278.68,283.412,241.697,110.811,0.08,1.53,21329.5,8636952.0,0.05,3.08,2.53,4602.11,19.28,,1.1437,100.9391,79.5295,104.2956,127.1763,101.7684,543238.0,69.9,633617.0,6.2,4524082.4,227371.0,1683.0,276.06,414000.0,768.0,-75962.0,158177666666.66666,252262333333.33337,4760.4054,2443.3585,,77.33,5.7,4098.3566,100.9824,-0.6611
21903.85,65684.0,17175.1,3.8,150742.0,31.7,82.3,11708.0,79.6,284.826,288.046,253.042,112.465,0.12,1.95,21636.6,8887833.0,0.31,3.82,2.6,4463.86,25.37,,1.1216,101.9112,80.401,110.2307,126.5321,102.9234,565981.0,63.1,652908.0,3.3,4597719.81,229221.0,1711.0,288.0183333333333,413500.0,764.0,-91516.0,161801000000.0,271606333333.33337,4843.3194,2506.4973,,95.18,4.9,3744.1207,100.73346666666669,-0.334
21919.222,65631.0,17603.8,3.6,151965.0,32.09,82.4,11483.0,79.9,291.706,292.186,272.937,113.795,0.77,2.93,21690.7,8934916.0,1.09,5.27,2.73,4105.67,27.4,,1.0646,102.8969,81.0732,109.1708,129.8855,102.9925,583591.0,57.9,673329.0,2.2,4700383.98,230839.0,1637.0,305.371,437700.0,609.0,-83615.0,176637666666.6667,279067666666.6667,4975.3298,2613.1035,,108.83,4.3,3377.5647,100.09773,-0.017
22066.784,65939.0,17876.2,3.5,153283.0,32.45,82.6,10813.0,80.1,295.509,296.636,269.906,115.247,2.19,3.1,21593.0,8855809.0,2.67,5.62,2.42,3980.35,24.79,,1.0066,103.2511,81.0209,104.0093,133.0738,102.3656,581517.0,56.1,673162.0,3.1,4789040.77,227798.0,1461.0,303.665,438000.0,573.0,-70260.0,179721000000.0,268107999999.99997,5119.8555,2723.9949,,93.06,4.0,3341.1896,99.39712,-0.1052
22249.459,66341.0,18108.3,3.6,154153.0,32.83,82.5,10743.0,80.0,298.441,300.355,262.038,116.577,3.65,3.83,21357.7,8650316.0,4.04,6.66,2.34,3851.97,25.0,,1.0218,102.7922,80.1648,103.127,133.337,102.4273,581480.0,58.8,674052.0,3.4,4871132.63,225861.0,1400.0,296.5853333333333,442600.0,602.0,-69530.0,170658333333.3333,261175666666.66663,5269.1827,2788.9724,,82.79,4.2,3146.3957,99.01717333333332,-0.1088
22403.435,66673.0,18506.2,3.5,155012.0,33.16,83.0,9966.0,80.5,301.203,303.982,258.653,117.931,4.52,3.65,21058.3,8490196.0,4.63,6.37,2.29,4000.06,20.68,,1.073,102.7874,79.5997,108.7279,137.4939,101.9722,578689.0,64.6,686442.0,4.7,4926716.37,227905.0,1369.0,294.631,429000.0,636.0,-66934.0,171043000000.0,259193333333.3333,5400.164,2801.5263,,75.93,4.0,3170.4886,98.94118333333331,-0.2261
22539.418,66945.0,18685.7,3.5,155624.0,33.54,83.4,9447.0,80.8,303.467,307.477,254.813,119.049,4.99,3.6,20768.3,8474593.0,5.08,6.51,2.23,4206.07,16.44,,1.0888,102.862,79.1282,109.0672,139.7369,101.9987,581320.0,62.3,686393.0,5.1,4968807.74,226184.0,1455.0,305.2126666666667,418500.0,698.0,-67876.0,163100333333.33334,254791666666.66663,5439.39,2764.0313,,73.54,3.9,3323.2582,99.12015666666667,-0.4859
22780.933,67499.0,18929.0,3.7,156176.0,33.91,83.5,9157.0,80.8,306.034,309.748,256.816,119.745,5.26,4.15,20726.3,8166192.0,5.29,7.04,2.33,4458.14,15.01,,1.0884,103.1585,78.9305,103.6658,143.117,102.0785,586270.0,69.6,696329.0,4.6,4990849.65,227531.0,1380.0,311.578,435400.0,682.0,-62153.0,169363666666.66666,255643333333.3333,5474.4899,2756.6775,,82.25,4.3,3310.1229,99.41262666666664,-0.696
22960.6,67858.0,19170.1,3.8,156704.0,34.19,83.3,8835.0,80.6,308.099,312.316,252.638,120.346,5.33,4.45,20687.9,7831687.0,5.28,7.3,2.29,4464.91,15.29,,1.0761,102.6986,78.2766,102.8616,143.824,101.8413,586432.0,64.9,699401.0,4.5,5013411.01,227005.0,1481.0,312.0586666666667,423200.0,646.0,-64667.0,169180000000.0,257095666666.6667,5518.8273,2765.854,,78.53,4.6,3431.2485,99.62027333333334,-0.5239
23053.545,67981.0,19424.8,3.8,157279.0,34.56,83.4,8639.0,80.7,310.99,315.567,253.776,121.458,5.33,4.16,20783.7,7603339.0,5.23,6.75,2.29,4992.54,13.71,,1.0855,102.2428,77.7036,110.6155,141.7539,101.5372,578425.0,78.4,699963.0,5.4,5045974.54,225075.0,1407.0,313.53133333333335,426800.0,663.0,-68285.0,170706333333.33334,261963333333.33337,5571.3858,2755.4894,,77.5,4.4,3537.9636,,-0.7675
23223.906,68320.0,19682.7,4.0,157793.0,34.88,83.6,8020.0,80.8,313.16,318.036,256.068,122.296,5.33,4.45,20953.6,7329852.0,5.25,7.0,2.33,5246.63,13.98,,1.0766,102.8633,77.9731,108.7137,145.2564,101.9637,577795.0,71.5,703113.0,4.9,5056897.12,224522.0,1340.0,323.38,414500.0,693.0,-75613.0,170816333333.33334,268731000000.0,5601.6242,2755.4091,,81.81,4.2,3441.5582,,-0.8277
23400.294,68696.0,19938.5,4.2,158130.0,35.21,83.9,7648.0,80.9,314.114,319.802,255.156,122.961,5.26,3.95,21134.5,7159276.0,5.0,6.51,2.17,5543.47,17.07,,1.0987,102.7099,77.6299,99.3079,145.568,101.8466,588079.0,68.1,712426.0,4.3,5089192.19,226805.0,1332.0,325.214,415300.0,708.0,-78399.0,175004333333.3333,276936666666.6667,5607.4631,2767.0702,,76.43,4.4,3366.1783,,-0.5267
23530.909,68972.0,20258.4,4.1,158634.0,35.6,83.5,7865.0,80.5,316.527,322.569,253.24,123.723,4.65,4.28,21431.5,6964218.0,4.4,6.63,2.3,5907.04,17.36,,1.0668,102.5115,77.2089,97.9804,146.5361,101.7867,583476.0,72.1,725170.0,4.1,5120105.6,229101.0,1379.0,,419200.0,662.0,-83841.0,,,5619.0272,2788.7702,,70.73,4.4,3215.21,,-0.5636
